accepted,case_id,conflicting_action_rank,correct_row_rank,decision_reason,expected_action,expected_row,family,frame_id,same_action_rank,top1_action,top1_distance,top1_row,top1_visible_fraction,top5_actions,top5_rows
False,video-final-benign-exact,9,1,minimum_visible_fraction,LEFT,tank=3|target=0|cooldown=0,exact_frames,sha256:57a9111f281258195b71fff71f580229d1f6a7852b44ed11068913924dfe9748,1,LEFT,0.0,tank=3|target=0|cooldown=0,0.5,"[""LEFT"", ""LEFT"", ""LEFT"", ""LEFT"", ""LEFT""]","[""tank=3|target=0|cooldown=0"", ""tank=3|target=0|cooldown=1"", ""tank=3|target=0|cooldown=1"", ""tank=3|target=0|cooldown=1"", ""tank=3|target=0|cooldown=0""]"
False,video-final-benign-exact,9,1,minimum_visible_fraction,LEFT,tank=2|target=0|cooldown=0,exact_frames,sha256:97a349e9473a360014d3d7fe81bd7b839291f51d6b69a9f264c7c08d5a59cd72,1,LEFT,0.0,tank=2|target=0|cooldown=0,0.5,"[""LEFT"", ""LEFT"", ""LEFT"", ""LEFT"", ""LEFT""]","[""tank=2|target=0|cooldown=0"", ""tank=2|target=0|cooldown=1"", ""tank=2|target=0|cooldown=1"", ""tank=2|target=0|cooldown=1"", ""tank=2|target=0|cooldown=0""]"
False,video-final-benign-exact,9,1,minimum_visible_fraction,LEFT,tank=1|target=0|cooldown=0,exact_frames,sha256:b4dc697448f639cc34041afbebaf1a7454f5fe70ca60f7367f4eb13d9b81daeb,1,LEFT,0.0,tank=1|target=0|cooldown=0,0.5,"[""LEFT"", ""LEFT"", ""LEFT"", ""LEFT"", ""LEFT""]","[""tank=1|target=0|cooldown=0"", ""tank=1|target=0|cooldown=1"", ""tank=1|target=0|cooldown=1"", ""tank=1|target=0|cooldown=1"", ""tank=1|target=0|cooldown=0""]"
False,video-final-benign-exact,2,1,minimum_visible_fraction,FIRE,tank=0|target=0|cooldown=0,exact_frames,sha256:384b461fc28358f81b9cc3b90ea60bf6590294bea9255ede240a15e2d65e8911,1,FIRE,0.0,tank=0|target=0|cooldown=0,0.5,"[""FIRE"", ""STAY"", ""STAY"", ""STAY"", ""FIRE""]","[""tank=0|target=0|cooldown=0"", ""tank=0|target=0|cooldown=1"", ""tank=0|target=0|cooldown=1"", ""tank=0|target=0|cooldown=1"", ""tank=0|target=0|cooldown=0""]"
False,video-final-benign-exact,9,2,minimum_visible_fraction,RIGHT,tank=0|target=6|cooldown=1,exact_frames,sha256:2d6a4a7feacf0303f66ff9e5554ffb54f03ff4386e27661c39eb18281661f416,1,RIGHT,0.0,tank=0|target=6|cooldown=0,0.5,"[""RIGHT"", ""RIGHT"", ""RIGHT"", ""RIGHT"", ""RIGHT""]","[""tank=0|target=6|cooldown=0"", ""tank=0|target=6|cooldown=1"", ""tank=0|target=6|cooldown=1"", ""tank=0|target=6|cooldown=1"", ""tank=0|target=6|cooldown=0""]"
False,video-final-benign-exact,13,1,minimum_visible_fraction,RIGHT,tank=1|target=6|cooldown=0,exact_frames,sha256:ac3f43dd524e2a31397e316056c38b79e1a8a45a8cba5356714383ee45b083e6,1,RIGHT,0.0,tank=1|target=6|cooldown=0,0.5,"[""RIGHT"", ""RIGHT"", ""RIGHT"", ""RIGHT"", ""RIGHT""]","[""tank=1|target=6|cooldown=0"", ""tank=1|target=6|cooldown=1"", ""tank=1|target=6|cooldown=1"", ""tank=1|target=6|cooldown=1"", ""tank=1|target=6|cooldown=0""]"
False,video-final-benign-exact,13,1,minimum_visible_fraction,RIGHT,tank=2|target=6|cooldown=0,exact_frames,sha256:f7ae089e62d9518fcefeec278d39eadbb98cadc4f91360f74440630f5dd9dafc,1,RIGHT,0.0,tank=2|target=6|cooldown=0,0.5,"[""RIGHT"", ""RIGHT"", ""RIGHT"", ""RIGHT"", ""RIGHT""]","[""tank=2|target=6|cooldown=0"", ""tank=2|target=6|cooldown=1"", ""tank=2|target=6|cooldown=1"", ""tank=2|target=6|cooldown=1"", ""tank=2|target=6|cooldown=0""]"
False,video-final-benign-exact,13,1,minimum_visible_fraction,RIGHT,tank=3|target=6|cooldown=0,exact_frames,sha256:e401918d91dff03d7b0004eda540cd8c93978b55fc2d0f09dd1de4e1295faf41,1,RIGHT,0.0,tank=3|target=6|cooldown=0,0.5,"[""RIGHT"", ""RIGHT"", ""RIGHT"", ""RIGHT"", ""RIGHT""]","[""tank=3|target=6|cooldown=0"", ""tank=3|target=6|cooldown=1"", ""tank=3|target=6|cooldown=1"", ""tank=3|target=6|cooldown=1"", ""tank=3|target=6|cooldown=0""]"
False,video-final-benign-exact,13,1,minimum_visible_fraction,RIGHT,tank=4|target=6|cooldown=0,exact_frames,sha256:3e8037c140d06a6a06c79f2b44950bf89c4cbba61626565e103deff9c855fff1,1,RIGHT,0.0,tank=4|target=6|cooldown=0,0.5,"[""RIGHT"", ""RIGHT"", ""RIGHT"", ""RIGHT"", ""RIGHT""]","[""tank=4|target=6|cooldown=0"", ""tank=4|target=6|cooldown=1"", ""tank=4|target=6|cooldown=1"", ""tank=4|target=6|cooldown=1"", ""tank=4|target=6|cooldown=0""]"
False,video-final-benign-exact,11,1,minimum_visible_fraction,RIGHT,tank=5|target=6|cooldown=0,exact_frames,sha256:086b40b2cebc1d88ef07c20bb469decafeefe7a4e4c219402691ee657137abda,1,RIGHT,0.0,tank=5|target=6|cooldown=0,0.5,"[""RIGHT"", ""RIGHT"", ""RIGHT"", ""RIGHT"", ""RIGHT""]","[""tank=5|target=6|cooldown=0"", ""tank=5|target=6|cooldown=1"", ""tank=5|target=6|cooldown=1"", ""tank=5|target=6|cooldown=1"", ""tank=5|target=6|cooldown=0""]"
False,video-final-benign-exact,2,1,minimum_visible_fraction,FIRE,tank=6|target=6|cooldown=0,exact_frames,sha256:e849cd4a4b35fd9c9114bc6e53c88f7587ba2f68e0ed0d49930d1b0ddd2631e1,1,FIRE,0.0,tank=6|target=6|cooldown=0,0.5,"[""FIRE"", ""STAY"", ""STAY"", ""STAY"", ""FIRE""]","[""tank=6|target=6|cooldown=0"", ""tank=6|target=6|cooldown=1"", ""tank=6|target=6|cooldown=1"", ""tank=6|target=6|cooldown=1"", ""tank=6|target=6|cooldown=0""]"
False,video-final-benign-exact,13,2,minimum_visible_fraction,LEFT,tank=6|target=1|cooldown=1,exact_frames,sha256:38051d93838161102870fd031f0c1ad83971d513b82e66f1b2fb20ed1014def0,1,LEFT,0.0,tank=6|target=1|cooldown=0,0.5,"[""LEFT"", ""LEFT"", ""LEFT"", ""LEFT"", ""LEFT""]","[""tank=6|target=1|cooldown=0"", ""tank=6|target=1|cooldown=1"", ""tank=6|target=1|cooldown=1"", ""tank=6|target=1|cooldown=1"", ""tank=6|target=1|cooldown=0""]"
False,video-final-benign-exact,13,1,minimum_visible_fraction,LEFT,tank=5|target=1|cooldown=0,exact_frames,sha256:71eed88da007b9eb5474a47c31ddedb6e69f614ab1c049af9119f3fbd437f8bb,1,LEFT,0.0,tank=5|target=1|cooldown=0,0.5,"[""LEFT"", ""LEFT"", ""LEFT"", ""LEFT"", ""LEFT""]","[""tank=5|target=1|cooldown=0"", ""tank=5|target=1|cooldown=1"", ""tank=5|target=1|cooldown=1"", ""tank=5|target=1|cooldown=1"", ""tank=5|target=1|cooldown=0""]"
False,video-final-benign-exact,13,1,minimum_visible_fraction,LEFT,tank=4|target=1|cooldown=0,exact_frames,sha256:7237718948fc5a014fd6cb724cfe3679f5481aaa2e1f3baf7e54b8c6c17a4c3f,1,LEFT,0.0,tank=4|target=1|cooldown=0,0.5,"[""LEFT"", ""LEFT"", ""LEFT"", ""LEFT"", ""LEFT""]","[""tank=4|target=1|cooldown=0"", ""tank=4|target=1|cooldown=1"", ""tank=4|target=1|cooldown=1"", ""tank=4|target=1|cooldown=1"", ""tank=4|target=1|cooldown=0""]"
False,video-final-benign-exact,13,1,minimum_visible_fraction,LEFT,tank=3|target=1|cooldown=0,exact_frames,sha256:677bf2e939927178bc9ca1782d14999b73d6cb8f66fd3f344a8457346c20f7ff,1,LEFT,0.0,tank=3|target=1|cooldown=0,0.5,"[""LEFT"", ""LEFT"", ""LEFT"", ""LEFT"", ""LEFT""]","[""tank=3|target=1|cooldown=0"", ""tank=3|target=1|cooldown=1"", ""tank=3|target=1|cooldown=1"", ""tank=3|target=1|cooldown=1"", ""tank=3|target=1|cooldown=0""]"
False,video-final-benign-exact,9,1,minimum_visible_fraction,LEFT,tank=2|target=1|cooldown=0,exact_frames,sha256:36032e732c1d311a63ee3eb5456fde272acad7337ff24a0b9529c733feed6479,1,LEFT,0.0,tank=2|target=1|cooldown=0,0.5,"[""LEFT"", ""LEFT"", ""LEFT"", ""LEFT"", ""LEFT""]","[""tank=2|target=1|cooldown=0"", ""tank=2|target=1|cooldown=1"", ""tank=2|target=1|cooldown=1"", ""tank=2|target=1|cooldown=1"", ""tank=2|target=1|cooldown=0""]"
False,video-final-benign-exact,2,1,minimum_visible_fraction,FIRE,tank=1|target=1|cooldown=0,exact_frames,sha256:5f73fa9aa227f00e520f819ddee5bc0881216b2b25b634511dbdca31b5b2d417,1,FIRE,0.0,tank=1|target=1|cooldown=0,0.5,"[""FIRE"", ""STAY"", ""STAY"", ""STAY"", ""FIRE""]","[""tank=1|target=1|cooldown=0"", ""tank=1|target=1|cooldown=1"", ""tank=1|target=1|cooldown=1"", ""tank=1|target=1|cooldown=1"", ""tank=1|target=1|cooldown=0""]"
False,video-final-benign-exact,13,2,minimum_visible_fraction,RIGHT,tank=1|target=5|cooldown=1,exact_frames,sha256:c5bd7265075430fca460b5aab5f95a0355fc4848ccc052db4ceb04f8dfb1b248,1,RIGHT,0.0,tank=1|target=5|cooldown=0,0.5,"[""RIGHT"", ""RIGHT"", ""RIGHT"", ""RIGHT"", ""RIGHT""]","[""tank=1|target=5|cooldown=0"", ""tank=1|target=5|cooldown=1"", ""tank=1|target=5|cooldown=1"", ""tank=1|target=5|cooldown=1"", ""tank=1|target=5|cooldown=0""]"
False,video-final-benign-exact,13,1,minimum_visible_fraction,RIGHT,tank=2|target=5|cooldown=0,exact_frames,sha256:224ffe1bb07d1dac131f7fb90f89040300935afeb7983144dd6460a97c2f9b92,1,RIGHT,0.0,tank=2|target=5|cooldown=0,0.5,"[""RIGHT"", ""RIGHT"", ""RIGHT"", ""RIGHT"", ""RIGHT""]","[""tank=2|target=5|cooldown=0"", ""tank=2|target=5|cooldown=1"", ""tank=2|target=5|cooldown=1"", ""tank=2|target=5|cooldown=1"", ""tank=2|target=5|cooldown=0""]"
False,video-final-benign-exact,13,1,minimum_visible_fraction,RIGHT,tank=3|target=5|cooldown=0,exact_frames,sha256:0433f62feb6ffa4689d7e87e4994d2f678d1cb441654feaf076bc2dc83b55d90,1,RIGHT,0.0,tank=3|target=5|cooldown=0,0.5,"[""RIGHT"", ""RIGHT"", ""RIGHT"", ""RIGHT"", ""RIGHT""]","[""tank=3|target=5|cooldown=0"", ""tank=3|target=5|cooldown=1"", ""tank=3|target=5|cooldown=1"", ""tank=3|target=5|cooldown=1"", ""tank=3|target=5|cooldown=0""]"
False,video-final-benign-exact,11,1,minimum_visible_fraction,RIGHT,tank=4|target=5|cooldown=0,exact_frames,sha256:847a2e302453ff8d353b64f63c2c95e2267cc132b8998d8429d9a47c6b26e5ed,1,RIGHT,0.0,tank=4|target=5|cooldown=0,0.5,"[""RIGHT"", ""RIGHT"", ""RIGHT"", ""RIGHT"", ""RIGHT""]","[""tank=4|target=5|cooldown=0"", ""tank=4|target=5|cooldown=1"", ""tank=4|target=5|cooldown=1"", ""tank=4|target=5|cooldown=1"", ""tank=4|target=5|cooldown=0""]"
False,video-final-benign-exact,2,1,minimum_visible_fraction,FIRE,tank=5|target=5|cooldown=0,exact_frames,sha256:d1bac44f2fb1a51349a87c961c916a7f84bcc928528c1939e7d05a6dff874fec,1,FIRE,0.0,tank=5|target=5|cooldown=0,0.5,"[""FIRE"", ""STAY"", ""STAY"", ""STAY"", ""FIRE""]","[""tank=5|target=5|cooldown=0"", ""tank=5|target=5|cooldown=1"", ""tank=5|target=5|cooldown=1"", ""tank=5|target=5|cooldown=1"", ""tank=5|target=5|cooldown=0""]"
False,video-final-benign-shift,15,1,minimum_visible_fraction,LEFT,tank=3|target=0|cooldown=0,bounded_translation_photometric,sha256:6ca1c994d9c47377478862762d9c1749f1bee3b219fa5e3b5a0d8b85514bf36c,1,LEFT,0.0,tank=3|target=0|cooldown=0,0.5,"[""LEFT"", ""LEFT"", ""LEFT"", ""LEFT"", ""LEFT""]","[""tank=3|target=0|cooldown=0"", ""tank=3|target=0|cooldown=1"", ""tank=3|target=0|cooldown=1"", ""tank=3|target=0|cooldown=0"", ""tank=3|target=0|cooldown=1""]"
False,video-final-benign-shift,11,1,minimum_visible_fraction,LEFT,tank=2|target=0|cooldown=0,bounded_translation_photometric,sha256:e0fb5f47cb9e414a3c5685c1ba6abf2b2585ab1980ca4449945caadaf128bf0c,1,LEFT,0.0,tank=2|target=0|cooldown=0,0.5,"[""LEFT"", ""LEFT"", ""LEFT"", ""LEFT"", ""LEFT""]","[""tank=2|target=0|cooldown=0"", ""tank=2|target=0|cooldown=0"", ""tank=2|target=0|cooldown=1"", ""tank=2|target=0|cooldown=1"", ""tank=2|target=0|cooldown=1""]"
False,video-final-benign-shift,12,1,minimum_visible_fraction,LEFT,tank=1|target=0|cooldown=0,bounded_translation_photometric,sha256:e44cada1af6a86b7a0a29624c7e4ffe1c6f2c680b7ab2b257e2416b61fa71bd9,1,LEFT,0.0,tank=1|target=0|cooldown=0,0.5,"[""LEFT"", ""LEFT"", ""LEFT"", ""LEFT"", ""LEFT""]","[""tank=1|target=0|cooldown=0"", ""tank=1|target=0|cooldown=1"", ""tank=1|target=0|cooldown=1"", ""tank=1|target=0|cooldown=0"", ""tank=1|target=0|cooldown=1""]"
False,video-final-benign-shift,3,1,minimum_visible_fraction,FIRE,tank=0|target=0|cooldown=0,bounded_translation_photometric,sha256:ee5a84bf9616c170b01bc71f49c9b98855977077e0d22a327e357657d66e51e9,1,FIRE,0.0,tank=0|target=0|cooldown=0,0.5,"[""FIRE"", ""FIRE"", ""STAY"", ""STAY"", ""STAY""]","[""tank=0|target=0|cooldown=0"", ""tank=0|target=0|cooldown=0"", ""tank=0|target=0|cooldown=1"", ""tank=0|target=0|cooldown=1"", ""tank=0|target=0|cooldown=1""]"
False,video-final-benign-shift,12,2,minimum_visible_fraction,RIGHT,tank=0|target=6|cooldown=1,bounded_translation_photometric,sha256:c1a843f5c5b031687ffa3bcef33d3bf0003cd3f89816458e03c09b7fdfb9bcb2,1,RIGHT,0.0,tank=0|target=6|cooldown=0,0.5,"[""RIGHT"", ""RIGHT"", ""RIGHT"", ""RIGHT"", ""RIGHT""]","[""tank=0|target=6|cooldown=0"", ""tank=0|target=6|cooldown=1"", ""tank=0|target=6|cooldown=1"", ""tank=0|target=6|cooldown=0"", ""tank=0|target=6|cooldown=1""]"
False,video-final-benign-shift,21,1,minimum_visible_fraction,RIGHT,tank=1|target=6|cooldown=0,bounded_translation_photometric,sha256:9b008f6760167395b1b16b158a5b83bd9f1e864d19cd4241a054f53e71d03e95,1,RIGHT,0.0,tank=1|target=6|cooldown=0,0.5,"[""RIGHT"", ""RIGHT"", ""RIGHT"", ""RIGHT"", ""RIGHT""]","[""tank=1|target=6|cooldown=0"", ""tank=1|target=6|cooldown=0"", ""tank=1|target=6|cooldown=1"", ""tank=1|target=6|cooldown=1"", ""tank=1|target=6|cooldown=1""]"
False,video-final-benign-shift,12,1,minimum_visible_fraction,RIGHT,tank=2|target=6|cooldown=0,bounded_translation_photometric,sha256:369ae03fa781c2f8d9442a19713cb235af01a737f7120b2bd6af27aa1ad0aa40,1,RIGHT,0.0,tank=2|target=6|cooldown=0,0.5,"[""RIGHT"", ""RIGHT"", ""RIGHT"", ""RIGHT"", ""RIGHT""]","[""tank=2|target=6|cooldown=0"", ""tank=2|target=6|cooldown=1"", ""tank=2|target=6|cooldown=1"", ""tank=2|target=6|cooldown=0"", ""tank=2|target=6|cooldown=1""]"
False,video-final-benign-shift,21,1,minimum_visible_fraction,RIGHT,tank=3|target=6|cooldown=0,bounded_translation_photometric,sha256:d7dec5db163d6dabc530f5c0af35c24cba61ef93582bc17c47f03da50a6f4735,1,RIGHT,0.0,tank=3|target=6|cooldown=0,0.5,"[""RIGHT"", ""RIGHT"", ""RIGHT"", ""RIGHT"", ""RIGHT""]","[""tank=3|target=6|cooldown=0"", ""tank=3|target=6|cooldown=0"", ""tank=3|target=6|cooldown=1"", ""tank=3|target=6|cooldown=1"", ""tank=3|target=6|cooldown=1""]"
False,video-final-benign-shift,12,1,minimum_visible_fraction,RIGHT,tank=4|target=6|cooldown=0,bounded_translation_photometric,sha256:69567e8f893e448a25eed6968035abd071396458b2a5bb7448ef5cd9fefc45ab,1,RIGHT,0.0,tank=4|target=6|cooldown=0,0.5,"[""RIGHT"", ""RIGHT"", ""RIGHT"", ""RIGHT"", ""RIGHT""]","[""tank=4|target=6|cooldown=0"", ""tank=4|target=6|cooldown=1"", ""tank=4|target=6|cooldown=1"", ""tank=4|target=6|cooldown=0"", ""tank=4|target=6|cooldown=1""]"
False,video-final-benign-shift,8,1,minimum_visible_fraction,RIGHT,tank=5|target=6|cooldown=0,bounded_translation_photometric,sha256:8101620c9a9af7c5d99be6cbcf430f9eaa97e912a89865052d5ec49010f5cf0c,1,RIGHT,0.0,tank=5|target=6|cooldown=0,0.5,"[""RIGHT"", ""RIGHT"", ""RIGHT"", ""RIGHT"", ""RIGHT""]","[""tank=5|target=6|cooldown=0"", ""tank=5|target=6|cooldown=0"", ""tank=5|target=6|cooldown=1"", ""tank=5|target=6|cooldown=1"", ""tank=5|target=6|cooldown=1""]"
False,video-final-benign-shift,2,1,minimum_visible_fraction,FIRE,tank=6|target=6|cooldown=0,bounded_translation_photometric,sha256:31afcd58af4c99422122b906e96cd5d3d0c4cfd9e99b36702a6dbaaf25da4418,1,FIRE,0.0,tank=6|target=6|cooldown=0,0.5,"[""FIRE"", ""STAY"", ""STAY"", ""FIRE"", ""STAY""]","[""tank=6|target=6|cooldown=0"", ""tank=6|target=6|cooldown=1"", ""tank=6|target=6|cooldown=1"", ""tank=6|target=6|cooldown=0"", ""tank=6|target=6|cooldown=1""]"
False,video-final-benign-shift,21,3,minimum_visible_fraction,LEFT,tank=6|target=1|cooldown=1,bounded_translation_photometric,sha256:d41408f84dc4f84f6cf12c9ff3d95ca715ee5bfd4d5feb7f60d0fd21082c1348,1,LEFT,0.0,tank=6|target=1|cooldown=0,0.5,"[""LEFT"", ""LEFT"", ""LEFT"", ""LEFT"", ""LEFT""]","[""tank=6|target=1|cooldown=0"", ""tank=6|target=1|cooldown=0"", ""tank=6|target=1|cooldown=1"", ""tank=6|target=1|cooldown=1"", ""tank=6|target=1|cooldown=1""]"
False,video-final-benign-shift,17,1,minimum_visible_fraction,LEFT,tank=5|target=1|cooldown=0,bounded_translation_photometric,sha256:564cfb7a7eb6aff7cfd5ad9378defb521b2a42f24ca2c4aa8fedd094b802174f,1,LEFT,0.0,tank=5|target=1|cooldown=0,0.5,"[""LEFT"", ""LEFT"", ""LEFT"", ""LEFT"", ""LEFT""]","[""tank=5|target=1|cooldown=0"", ""tank=5|target=1|cooldown=1"", ""tank=5|target=1|cooldown=1"", ""tank=5|target=1|cooldown=0"", ""tank=5|target=1|cooldown=1""]"
False,video-final-benign-shift,21,1,minimum_visible_fraction,LEFT,tank=4|target=1|cooldown=0,bounded_translation_photometric,sha256:b70f4e090dddf6f7648d4058ecf75c2e6402086caf49757d81b27d4de852264e,1,LEFT,0.0,tank=4|target=1|cooldown=0,0.5,"[""LEFT"", ""LEFT"", ""LEFT"", ""LEFT"", ""LEFT""]","[""tank=4|target=1|cooldown=0"", ""tank=4|target=1|cooldown=0"", ""tank=4|target=1|cooldown=1"", ""tank=4|target=1|cooldown=1"", ""tank=4|target=1|cooldown=1""]"
False,video-final-benign-shift,15,1,minimum_visible_fraction,LEFT,tank=3|target=1|cooldown=0,bounded_translation_photometric,sha256:751f03ea318aa110494534e9c5447e59e73e9371cd3c41653e628cf470ba3d97,1,LEFT,0.0,tank=3|target=1|cooldown=0,0.5,"[""LEFT"", ""LEFT"", ""LEFT"", ""LEFT"", ""LEFT""]","[""tank=3|target=1|cooldown=0"", ""tank=3|target=1|cooldown=1"", ""tank=3|target=1|cooldown=1"", ""tank=3|target=1|cooldown=0"", ""tank=3|target=1|cooldown=1""]"
False,video-final-benign-shift,6,1,minimum_visible_fraction,LEFT,tank=2|target=1|cooldown=0,bounded_translation_photometric,sha256:ffba04c3e8da7fbdd8742dcc73231d2c73e2239e15e0b16df64775cd390f9d52,1,LEFT,0.0,tank=2|target=1|cooldown=0,0.5,"[""LEFT"", ""LEFT"", ""LEFT"", ""LEFT"", ""LEFT""]","[""tank=2|target=1|cooldown=0"", ""tank=2|target=1|cooldown=0"", ""tank=2|target=1|cooldown=1"", ""tank=2|target=1|cooldown=1"", ""tank=2|target=1|cooldown=1""]"
False,video-final-benign-shift,2,1,minimum_visible_fraction,FIRE,tank=1|target=1|cooldown=0,bounded_translation_photometric,sha256:d2941567a43470c6175d4b5f2dc415cbd26b024f916407b541eae24c6e2cc02a,1,FIRE,0.0,tank=1|target=1|cooldown=0,0.5,"[""FIRE"", ""STAY"", ""STAY"", ""FIRE"", ""STAY""]","[""tank=1|target=1|cooldown=0"", ""tank=1|target=1|cooldown=1"", ""tank=1|target=1|cooldown=1"", ""tank=1|target=1|cooldown=0"", ""tank=1|target=1|cooldown=1""]"
False,video-final-benign-shift,21,3,minimum_visible_fraction,RIGHT,tank=1|target=5|cooldown=1,bounded_translation_photometric,sha256:6008e6f8c79395d2fd6f2fd69ec857755b9868690bf66e699d0a25bd33f56164,1,RIGHT,0.0,tank=1|target=5|cooldown=0,0.5,"[""RIGHT"", ""RIGHT"", ""RIGHT"", ""RIGHT"", ""RIGHT""]","[""tank=1|target=5|cooldown=0"", ""tank=1|target=5|cooldown=0"", ""tank=1|target=5|cooldown=1"", ""tank=1|target=5|cooldown=1"", ""tank=1|target=5|cooldown=1""]"
False,video-final-benign-shift,15,1,minimum_visible_fraction,RIGHT,tank=2|target=5|cooldown=0,bounded_translation_photometric,sha256:564d1b561991adeb3eb242bb6601e732c46e94501bdd7e0f8d7590f95996e67b,1,RIGHT,0.0,tank=2|target=5|cooldown=0,0.5,"[""RIGHT"", ""RIGHT"", ""RIGHT"", ""RIGHT"", ""RIGHT""]","[""tank=2|target=5|cooldown=0"", ""tank=2|target=5|cooldown=1"", ""tank=2|target=5|cooldown=1"", ""tank=2|target=5|cooldown=0"", ""tank=2|target=5|cooldown=1""]"
False,video-final-benign-shift,21,1,minimum_visible_fraction,RIGHT,tank=3|target=5|cooldown=0,bounded_translation_photometric,sha256:75a92c627a917816667de23da68191fa196f6fd803f87d829bf7c5f4d4c3d278,1,RIGHT,0.0,tank=3|target=5|cooldown=0,0.5,"[""RIGHT"", ""RIGHT"", ""RIGHT"", ""RIGHT"", ""RIGHT""]","[""tank=3|target=5|cooldown=0"", ""tank=3|target=5|cooldown=0"", ""tank=3|target=5|cooldown=1"", ""tank=3|target=5|cooldown=1"", ""tank=3|target=5|cooldown=1""]"
False,video-final-benign-shift,9,1,minimum_visible_fraction,RIGHT,tank=4|target=5|cooldown=0,bounded_translation_photometric,sha256:75d21517158c15f6192e0302521c107ba5d94239d574b18f98bd47c836210ec6,1,RIGHT,0.0,tank=4|target=5|cooldown=0,0.5,"[""RIGHT"", ""RIGHT"", ""RIGHT"", ""RIGHT"", ""RIGHT""]","[""tank=4|target=5|cooldown=0"", ""tank=4|target=5|cooldown=1"", ""tank=4|target=5|cooldown=1"", ""tank=4|target=5|cooldown=0"", ""tank=4|target=5|cooldown=1""]"
False,video-final-benign-shift,3,1,minimum_visible_fraction,FIRE,tank=5|target=5|cooldown=0,bounded_translation_photometric,sha256:431d1c445a3f00e1a45bb75ae2405318c5295b8ac67bca7efaacfc40563da263,1,FIRE,0.0,tank=5|target=5|cooldown=0,0.5,"[""FIRE"", ""FIRE"", ""STAY"", ""STAY"", ""STAY""]","[""tank=5|target=5|cooldown=0"", ""tank=5|target=5|cooldown=0"", ""tank=5|target=5|cooldown=1"", ""tank=5|target=5|cooldown=1"", ""tank=5|target=5|cooldown=1""]"
False,video-final-benign-occlusion,6,1,winner_threshold,LEFT,tank=3|target=0|cooldown=0,bounded_translation_occlusion,sha256:26730ee7658c81111b3c9a29ebd31cb4da6a110842c22731b866b164fb3d4d83,1,LEFT,0.11070712207484218,tank=3|target=0|cooldown=0,0.5,"[""LEFT"", ""LEFT"", ""LEFT"", ""LEFT"", ""LEFT""]","[""tank=3|target=0|cooldown=0"", ""tank=3|target=0|cooldown=1"", ""tank=3|target=0|cooldown=1"", ""tank=3|target=0|cooldown=0"", ""tank=3|target=0|cooldown=1""]"
False,video-final-benign-occlusion,6,1,winner_threshold,LEFT,tank=2|target=0|cooldown=0,bounded_translation_occlusion,sha256:508498c593a61552f8c72fbbe638acb71d6c7311e1dcf6d6a6d8a857518d4cc9,1,LEFT,0.13308893917103687,tank=2|target=0|cooldown=0,1.0,"[""LEFT"", ""LEFT"", ""LEFT"", ""LEFT"", ""LEFT""]","[""tank=2|target=0|cooldown=0"", ""tank=2|target=0|cooldown=1"", ""tank=2|target=0|cooldown=1"", ""tank=2|target=0|cooldown=0"", ""tank=2|target=0|cooldown=1""]"
False,video-final-benign-occlusion,6,1,winner_threshold,LEFT,tank=1|target=0|cooldown=0,bounded_translation_occlusion,sha256:12424dabb5ffa15b00e9263b1d8d3095d67530e719796176b0adac2d791054b8,1,LEFT,0.13308893917103687,tank=1|target=0|cooldown=0,1.0,"[""LEFT"", ""LEFT"", ""LEFT"", ""LEFT"", ""LEFT""]","[""tank=1|target=0|cooldown=0"", ""tank=1|target=0|cooldown=1"", ""tank=1|target=0|cooldown=1"", ""tank=1|target=0|cooldown=0"", ""tank=1|target=0|cooldown=1""]"
False,video-final-benign-occlusion,2,1,winner_threshold,FIRE,tank=0|target=0|cooldown=0,bounded_translation_occlusion,sha256:378b9f3ee62bbbea40ff0682c459abcb6f8739519bfc6189de11d8ae9f7b575e,1,FIRE,0.11070712207484218,tank=0|target=0|cooldown=0,0.5,"[""FIRE"", ""STAY"", ""STAY"", ""FIRE"", ""STAY""]","[""tank=0|target=0|cooldown=0"", ""tank=0|target=0|cooldown=1"", ""tank=0|target=0|cooldown=1"", ""tank=0|target=0|cooldown=0"", ""tank=0|target=0|cooldown=1""]"
False,video-final-benign-occlusion,8,2,winner_threshold,RIGHT,tank=0|target=6|cooldown=1,bounded_translation_occlusion,sha256:9710e1a16407575cf6308d50d01879bc0aa9ccfa7dd010dfec58b0083f345742,1,RIGHT,0.13308893917103687,tank=0|target=6|cooldown=0,1.0,"[""RIGHT"", ""RIGHT"", ""RIGHT"", ""RIGHT"", ""RIGHT""]","[""tank=0|target=6|cooldown=0"", ""tank=0|target=6|cooldown=1"", ""tank=0|target=6|cooldown=1"", ""tank=0|target=6|cooldown=0"", ""tank=0|target=6|cooldown=1""]"
False,video-final-benign-occlusion,8,1,winner_threshold,RIGHT,tank=1|target=6|cooldown=0,bounded_translation_occlusion,sha256:03bf7a53f31b5321d5d6bae9f8f1e2833ac16fc52667361e7dbd30b9b5b1aa39,1,RIGHT,0.13308893917103687,tank=1|target=6|cooldown=0,1.0,"[""RIGHT"", ""RIGHT"", ""RIGHT"", ""RIGHT"", ""RIGHT""]","[""tank=1|target=6|cooldown=0"", ""tank=1|target=6|cooldown=1"", ""tank=1|target=6|cooldown=1"", ""tank=1|target=6|cooldown=0"", ""tank=1|target=6|cooldown=1""]"
False,video-final-benign-occlusion,1,6,minimum_visible_fraction,RIGHT,tank=2|target=6|cooldown=0,bounded_translation_occlusion,sha256:0fd2d5b6c9552699a607d0f07e6eb2e2b36d22b35c1ad6fb72bdf89b869b70cc,6,STAY,4.767694331577687e-05,tank=2|target=none|cooldown=0,0.5,"[""STAY"", ""STAY"", ""STAY"", ""STAY"", ""STAY""]","[""tank=2|target=none|cooldown=0"", ""tank=2|target=none|cooldown=1"", ""tank=2|target=none|cooldown=1"", ""tank=2|target=none|cooldown=0"", ""tank=2|target=none|cooldown=1""]"
False,video-final-benign-occlusion,8,1,winner_threshold,RIGHT,tank=3|target=6|cooldown=0,bounded_translation_occlusion,sha256:9c87d5d31c447721cedc7ca7fc7d79eef0cb795dafca9afb68b78e7136f6e7b1,1,RIGHT,0.13308893917103687,tank=3|target=6|cooldown=0,1.0,"[""RIGHT"", ""RIGHT"", ""RIGHT"", ""RIGHT"", ""RIGHT""]","[""tank=3|target=6|cooldown=0"", ""tank=3|target=6|cooldown=1"", ""tank=3|target=6|cooldown=1"", ""tank=3|target=6|cooldown=0"", ""tank=3|target=6|cooldown=1""]"
False,video-final-benign-occlusion,8,1,winner_threshold,RIGHT,tank=4|target=6|cooldown=0,bounded_translation_occlusion,sha256:094c497fe9eb28ec0785683c38dfe1cff19e037e1b3ab048162499e2743cc8eb,1,RIGHT,0.13308893917103687,tank=4|target=6|cooldown=0,1.0,"[""RIGHT"", ""RIGHT"", ""RIGHT"", ""RIGHT"", ""RIGHT""]","[""tank=4|target=6|cooldown=0"", ""tank=4|target=6|cooldown=1"", ""tank=4|target=6|cooldown=1"", ""tank=4|target=6|cooldown=0"", ""tank=4|target=6|cooldown=1""]"
False,video-final-benign-occlusion,1,6,minimum_visible_fraction,RIGHT,tank=5|target=6|cooldown=0,bounded_translation_occlusion,sha256:ad3459c73cc11a60102a496d01ff4fc17f36352b23c83089e92feda68cce9918,6,STAY,4.767694331577687e-05,tank=5|target=none|cooldown=0,0.5,"[""STAY"", ""STAY"", ""STAY"", ""STAY"", ""STAY""]","[""tank=5|target=none|cooldown=0"", ""tank=5|target=none|cooldown=1"", ""tank=5|target=none|cooldown=1"", ""tank=5|target=none|cooldown=0"", ""tank=5|target=none|cooldown=1""]"
False,video-final-benign-occlusion,2,1,winner_threshold,FIRE,tank=6|target=6|cooldown=0,bounded_translation_occlusion,sha256:3ad840c642ceb629742152f58de54de63d4d7acabeeb3c6fb25992eeed3af29e,1,FIRE,0.1330887097730274,tank=6|target=6|cooldown=0,1.0,"[""FIRE"", ""STAY"", ""STAY"", ""FIRE"", ""STAY""]","[""tank=6|target=6|cooldown=0"", ""tank=6|target=6|cooldown=1"", ""tank=6|target=6|cooldown=1"", ""tank=6|target=6|cooldown=0"", ""tank=6|target=6|cooldown=1""]"
False,video-final-benign-occlusion,8,2,winner_threshold,LEFT,tank=6|target=1|cooldown=1,bounded_translation_occlusion,sha256:af5297a199692747e1ada9eb64130a231822b6df2d7bceac77dac14f46f4bea0,1,LEFT,0.1330887097730274,tank=6|target=1|cooldown=0,1.0,"[""LEFT"", ""LEFT"", ""LEFT"", ""LEFT"", ""LEFT""]","[""tank=6|target=1|cooldown=0"", ""tank=6|target=1|cooldown=1"", ""tank=6|target=1|cooldown=1"", ""tank=6|target=1|cooldown=0"", ""tank=6|target=1|cooldown=1""]"
False,video-final-benign-occlusion,9,1,winner_threshold,LEFT,tank=5|target=1|cooldown=0,bounded_translation_occlusion,sha256:7e59e50435504b74d93afa3ad6d175510d5fbcdba43514d0c20fbb8ec72c6b96,1,LEFT,0.11070712207484218,tank=5|target=1|cooldown=0,0.5,"[""LEFT"", ""LEFT"", ""LEFT"", ""LEFT"", ""LEFT""]","[""tank=5|target=1|cooldown=0"", ""tank=5|target=1|cooldown=1"", ""tank=5|target=1|cooldown=1"", ""tank=5|target=1|cooldown=0"", ""tank=5|target=1|cooldown=1""]"
False,video-final-benign-occlusion,8,1,winner_threshold,LEFT,tank=4|target=1|cooldown=0,bounded_translation_occlusion,sha256:94daac0e3093d1369da4c2ccb922e3a1d70f4ebd08b14e0fd8760b4b81d2ccf9,1,LEFT,0.13308893917103687,tank=4|target=1|cooldown=0,1.0,"[""LEFT"", ""LEFT"", ""LEFT"", ""LEFT"", ""LEFT""]","[""tank=4|target=1|cooldown=0"", ""tank=4|target=1|cooldown=1"", ""tank=4|target=1|cooldown=1"", ""tank=4|target=1|cooldown=0"", ""tank=4|target=1|cooldown=1""]"
False,video-final-benign-occlusion,8,1,winner_threshold,LEFT,tank=3|target=1|cooldown=0,bounded_translation_occlusion,sha256:3d307060508748301592f8847835bd631d55c3d4743734064d1ba4fcc85dfb2d,1,LEFT,0.13308893917103687,tank=3|target=1|cooldown=0,1.0,"[""LEFT"", ""LEFT"", ""LEFT"", ""LEFT"", ""LEFT""]","[""tank=3|target=1|cooldown=0"", ""tank=3|target=1|cooldown=1"", ""tank=3|target=1|cooldown=1"", ""tank=3|target=1|cooldown=0"", ""tank=3|target=1|cooldown=1""]"
False,video-final-benign-occlusion,6,1,winner_threshold,LEFT,tank=2|target=1|cooldown=0,bounded_translation_occlusion,sha256:5d0628337aeacc7867de83d6817d03a5385b0fc8e10560804338a819fcc82ac7,1,LEFT,0.11070712207484218,tank=2|target=1|cooldown=0,0.5,"[""LEFT"", ""LEFT"", ""LEFT"", ""LEFT"", ""LEFT""]","[""tank=2|target=1|cooldown=0"", ""tank=2|target=1|cooldown=1"", ""tank=2|target=1|cooldown=1"", ""tank=2|target=1|cooldown=0"", ""tank=2|target=1|cooldown=1""]"
False,video-final-benign-occlusion,2,1,winner_threshold,FIRE,tank=1|target=1|cooldown=0,bounded_translation_occlusion,sha256:617abdbc4c8c71eb655bc10bb7b44011c48a15384089e8c29eb2c56e98e46618,1,FIRE,0.13308893917103687,tank=1|target=1|cooldown=0,1.0,"[""FIRE"", ""STAY"", ""STAY"", ""FIRE"", ""STAY""]","[""tank=1|target=1|cooldown=0"", ""tank=1|target=1|cooldown=1"", ""tank=1|target=1|cooldown=1"", ""tank=1|target=1|cooldown=0"", ""tank=1|target=1|cooldown=1""]"
False,video-final-benign-occlusion,8,2,winner_threshold,RIGHT,tank=1|target=5|cooldown=1,bounded_translation_occlusion,sha256:8e6eb63cb82c35255ecb2ed31f90576669e1c7269499ac7254a9761c5cf911ad,1,RIGHT,0.13308893917103687,tank=1|target=5|cooldown=0,1.0,"[""RIGHT"", ""RIGHT"", ""RIGHT"", ""RIGHT"", ""RIGHT""]","[""tank=1|target=5|cooldown=0"", ""tank=1|target=5|cooldown=1"", ""tank=1|target=5|cooldown=1"", ""tank=1|target=5|cooldown=0"", ""tank=1|target=5|cooldown=1""]"
False,video-final-benign-occlusion,9,1,winner_threshold,RIGHT,tank=2|target=5|cooldown=0,bounded_translation_occlusion,sha256:4b0f6b60b1bbd7c58bc6e8ad05a6845c25ecad2079e29f47aa9f263813eb3431,1,RIGHT,0.11070712207484218,tank=2|target=5|cooldown=0,0.5,"[""RIGHT"", ""RIGHT"", ""RIGHT"", ""RIGHT"", ""RIGHT""]","[""tank=2|target=5|cooldown=0"", ""tank=2|target=5|cooldown=1"", ""tank=2|target=5|cooldown=1"", ""tank=2|target=5|cooldown=0"", ""tank=2|target=5|cooldown=1""]"
False,video-final-benign-occlusion,8,1,winner_threshold,RIGHT,tank=3|target=5|cooldown=0,bounded_translation_occlusion,sha256:e20f0c3b43fbda02dff1f55048556d0b37119353d0df0a4a304d23bb43cd39c6,1,RIGHT,0.13308893917103687,tank=3|target=5|cooldown=0,1.0,"[""RIGHT"", ""RIGHT"", ""RIGHT"", ""RIGHT"", ""RIGHT""]","[""tank=3|target=5|cooldown=0"", ""tank=3|target=5|cooldown=1"", ""tank=3|target=5|cooldown=1"", ""tank=3|target=5|cooldown=0"", ""tank=3|target=5|cooldown=1""]"
False,video-final-benign-occlusion,6,1,winner_threshold,RIGHT,tank=4|target=5|cooldown=0,bounded_translation_occlusion,sha256:ac7f9effcdae355f53037b90b3de8b9315210fa05161db51541789f8eb8d0d20,1,RIGHT,0.13308893917103687,tank=4|target=5|cooldown=0,1.0,"[""RIGHT"", ""RIGHT"", ""RIGHT"", ""RIGHT"", ""RIGHT""]","[""tank=4|target=5|cooldown=0"", ""tank=4|target=5|cooldown=1"", ""tank=4|target=5|cooldown=1"", ""tank=4|target=5|cooldown=0"", ""tank=4|target=5|cooldown=1""]"
False,video-final-benign-occlusion,2,1,winner_threshold,FIRE,tank=5|target=5|cooldown=0,bounded_translation_occlusion,sha256:c125fc1cd258afb8560a6614514edb336b381ee083c99682602e17b1b1d51d0c,1,FIRE,0.11070712207484218,tank=5|target=5|cooldown=0,0.5,"[""FIRE"", ""STAY"", ""STAY"", ""FIRE"", ""STAY""]","[""tank=5|target=5|cooldown=0"", ""tank=5|target=5|cooldown=1"", ""tank=5|target=5|cooldown=1"", ""tank=5|target=5|cooldown=0"", ""tank=5|target=5|cooldown=1""]"
False,video-final-negative-critical,,,minimum_visible_fraction,,,critical_evidence_removed,sha256:3eca50c2912e20afb7b5d7906dae2fd0275ab211c09bc35dd27665ab7528ef9e,,LEFT,0.0,tank=3|target=0|cooldown=0,0.5,"[""LEFT"", ""LEFT"", ""LEFT"", ""LEFT"", ""LEFT""]","[""tank=3|target=0|cooldown=0"", ""tank=3|target=0|cooldown=1"", ""tank=3|target=0|cooldown=1"", ""tank=3|target=0|cooldown=1"", ""tank=3|target=0|cooldown=0""]"
False,video-final-negative-critical,,,minimum_visible_fraction,,,critical_evidence_removed,sha256:4b4b77d3fe750b044d09ddcf84c4db5497c13b277e0ef7194584b6294008221c,,LEFT,0.0,tank=2|target=0|cooldown=0,0.5,"[""LEFT"", ""LEFT"", ""LEFT"", ""LEFT"", ""LEFT""]","[""tank=2|target=0|cooldown=0"", ""tank=2|target=0|cooldown=1"", ""tank=2|target=0|cooldown=1"", ""tank=2|target=0|cooldown=1"", ""tank=2|target=0|cooldown=0""]"
False,video-final-negative-critical,,,minimum_visible_fraction,,,critical_evidence_removed,sha256:a321d914b0370f7078f7bc454aa85e1e40ceb2366dfdc2ec827aceea71ad5bc9,,LEFT,0.0,tank=1|target=0|cooldown=0,0.5,"[""LEFT"", ""LEFT"", ""LEFT"", ""LEFT"", ""LEFT""]","[""tank=1|target=0|cooldown=0"", ""tank=1|target=0|cooldown=1"", ""tank=1|target=0|cooldown=1"", ""tank=1|target=0|cooldown=1"", ""tank=1|target=0|cooldown=0""]"
False,video-final-negative-critical,,,minimum_visible_fraction,,,critical_evidence_removed,sha256:af3ba48baaa6603db6f6e5f9333ae8efe8eaa3aa7967564cee85a9598b1d7001,,FIRE,0.0,tank=0|target=0|cooldown=0,0.5,"[""FIRE"", ""STAY"", ""STAY"", ""STAY"", ""FIRE""]","[""tank=0|target=0|cooldown=0"", ""tank=0|target=0|cooldown=1"", ""tank=0|target=0|cooldown=1"", ""tank=0|target=0|cooldown=1"", ""tank=0|target=0|cooldown=0""]"
False,video-final-negative-critical,,,minimum_visible_fraction,,,critical_evidence_removed,sha256:cafe8549f8dacb3d08980b3c140d450cfb3fb4e216f0455f97c8c0b45fbccd27,,RIGHT,0.0,tank=0|target=6|cooldown=0,0.5,"[""RIGHT"", ""RIGHT"", ""RIGHT"", ""RIGHT"", ""RIGHT""]","[""tank=0|target=6|cooldown=0"", ""tank=0|target=6|cooldown=1"", ""tank=0|target=6|cooldown=1"", ""tank=0|target=6|cooldown=1"", ""tank=0|target=6|cooldown=0""]"
False,video-final-negative-critical,,,minimum_visible_fraction,,,critical_evidence_removed,sha256:ee82a191bb176da85a3d68b8fd91df13fd878a04df97ef774cc4b6718d1e97ff,,RIGHT,0.0,tank=1|target=6|cooldown=0,0.5,"[""RIGHT"", ""RIGHT"", ""RIGHT"", ""RIGHT"", ""RIGHT""]","[""tank=1|target=6|cooldown=0"", ""tank=1|target=6|cooldown=1"", ""tank=1|target=6|cooldown=1"", ""tank=1|target=6|cooldown=1"", ""tank=1|target=6|cooldown=0""]"
False,video-final-negative-critical,,,minimum_visible_fraction,,,critical_evidence_removed,sha256:a9487e17b767fd7885958437b3a7608c67ad821c0a7e8f5e3bfd41b5eeed473f,,RIGHT,0.0,tank=2|target=6|cooldown=0,0.5,"[""RIGHT"", ""RIGHT"", ""RIGHT"", ""RIGHT"", ""RIGHT""]","[""tank=2|target=6|cooldown=0"", ""tank=2|target=6|cooldown=1"", ""tank=2|target=6|cooldown=1"", ""tank=2|target=6|cooldown=1"", ""tank=2|target=6|cooldown=0""]"
False,video-final-negative-critical,,,minimum_visible_fraction,,,critical_evidence_removed,sha256:05c106754de55e874b5e2b28039eb6af8075bbabb5485558fa6ff265a620649a,,RIGHT,0.0,tank=3|target=6|cooldown=0,0.5,"[""RIGHT"", ""RIGHT"", ""RIGHT"", ""RIGHT"", ""RIGHT""]","[""tank=3|target=6|cooldown=0"", ""tank=3|target=6|cooldown=1"", ""tank=3|target=6|cooldown=1"", ""tank=3|target=6|cooldown=1"", ""tank=3|target=6|cooldown=0""]"
False,video-final-negative-critical,,,minimum_visible_fraction,,,critical_evidence_removed,sha256:575657f150e75a3dfc379f315866005e4e2c4ecfa817bae3c10ee231bd1e6a1f,,RIGHT,0.0,tank=4|target=6|cooldown=0,0.5,"[""RIGHT"", ""RIGHT"", ""RIGHT"", ""RIGHT"", ""RIGHT""]","[""tank=4|target=6|cooldown=0"", ""tank=4|target=6|cooldown=1"", ""tank=4|target=6|cooldown=1"", ""tank=4|target=6|cooldown=1"", ""tank=4|target=6|cooldown=0""]"
False,video-final-negative-critical,,,minimum_visible_fraction,,,critical_evidence_removed,sha256:b7296c67243f6474c428dedf310277100357457438e0370706f4bfcc0cf13f1b,,RIGHT,0.0,tank=5|target=6|cooldown=0,0.5,"[""RIGHT"", ""RIGHT"", ""RIGHT"", ""RIGHT"", ""RIGHT""]","[""tank=5|target=6|cooldown=0"", ""tank=5|target=6|cooldown=1"", ""tank=5|target=6|cooldown=1"", ""tank=5|target=6|cooldown=1"", ""tank=5|target=6|cooldown=0""]"
False,video-final-negative-critical,,,minimum_visible_fraction,,,critical_evidence_removed,sha256:f96ada9f3bd149f6b9d9a4a78ff94033155c49088d1fddcb6acef3369b630f36,,FIRE,0.0,tank=6|target=6|cooldown=0,0.5,"[""FIRE"", ""STAY"", ""STAY"", ""STAY"", ""FIRE""]","[""tank=6|target=6|cooldown=0"", ""tank=6|target=6|cooldown=1"", ""tank=6|target=6|cooldown=1"", ""tank=6|target=6|cooldown=1"", ""tank=6|target=6|cooldown=0""]"
False,video-final-negative-critical,,,minimum_visible_fraction,,,critical_evidence_removed,sha256:22ea925e936975382927d4d068fd1f282b092b3c3fcb55bc1edd9e07c139fe4a,,LEFT,0.0,tank=6|target=1|cooldown=0,0.5,"[""LEFT"", ""LEFT"", ""LEFT"", ""LEFT"", ""LEFT""]","[""tank=6|target=1|cooldown=0"", ""tank=6|target=1|cooldown=1"", ""tank=6|target=1|cooldown=1"", ""tank=6|target=1|cooldown=1"", ""tank=6|target=1|cooldown=0""]"
False,video-final-negative-critical,,,minimum_visible_fraction,,,critical_evidence_removed,sha256:305d9937e9644ffe40bc8b1b160bb5bcea2c1b720383ed157b0fc9ce60e584b3,,LEFT,0.0,tank=5|target=1|cooldown=0,0.5,"[""LEFT"", ""LEFT"", ""LEFT"", ""LEFT"", ""LEFT""]","[""tank=5|target=1|cooldown=0"", ""tank=5|target=1|cooldown=1"", ""tank=5|target=1|cooldown=1"", ""tank=5|target=1|cooldown=1"", ""tank=5|target=1|cooldown=0""]"
False,video-final-negative-critical,,,minimum_visible_fraction,,,critical_evidence_removed,sha256:5e905f53bc36e3613704f3c1f11913bb85b55b781377cec98e3a648804b83cfd,,LEFT,0.0,tank=4|target=1|cooldown=0,0.5,"[""LEFT"", ""LEFT"", ""LEFT"", ""LEFT"", ""LEFT""]","[""tank=4|target=1|cooldown=0"", ""tank=4|target=1|cooldown=1"", ""tank=4|target=1|cooldown=1"", ""tank=4|target=1|cooldown=1"", ""tank=4|target=1|cooldown=0""]"
False,video-final-negative-critical,,,minimum_visible_fraction,,,critical_evidence_removed,sha256:3b738161a65beb2f8d6414db1586c3a6183a3c93ca16d87cc71b37a30923e998,,LEFT,0.0,tank=3|target=1|cooldown=0,0.5,"[""LEFT"", ""LEFT"", ""LEFT"", ""LEFT"", ""LEFT""]","[""tank=3|target=1|cooldown=0"", ""tank=3|target=1|cooldown=1"", ""tank=3|target=1|cooldown=1"", ""tank=3|target=1|cooldown=1"", ""tank=3|target=1|cooldown=0""]"
False,video-final-negative-critical,,,minimum_visible_fraction,,,critical_evidence_removed,sha256:6e86e1125ec2ab6f1c5d2a01e5d71a6c7c2d2067aac27a8a7669364971dc8828,,LEFT,0.0,tank=2|target=1|cooldown=0,0.5,"[""LEFT"", ""LEFT"", ""LEFT"", ""LEFT"", ""LEFT""]","[""tank=2|target=1|cooldown=0"", ""tank=2|target=1|cooldown=1"", ""tank=2|target=1|cooldown=1"", ""tank=2|target=1|cooldown=1"", ""tank=2|target=1|cooldown=0""]"
False,video-final-negative-critical,,,minimum_visible_fraction,,,critical_evidence_removed,sha256:20ecd55d99eda6fbc2de6b62ef5bd56e6b767990981668be3fce91c2f0a3b9c1,,FIRE,0.0,tank=1|target=1|cooldown=0,0.5,"[""FIRE"", ""STAY"", ""STAY"", ""STAY"", ""FIRE""]","[""tank=1|target=1|cooldown=0"", ""tank=1|target=1|cooldown=1"", ""tank=1|target=1|cooldown=1"", ""tank=1|target=1|cooldown=1"", ""tank=1|target=1|cooldown=0""]"
False,video-final-negative-critical,,,minimum_visible_fraction,,,critical_evidence_removed,sha256:8c91a2c48054a10c6e8cddafac32f0a223d07e09398b28bd7c5a3273700df301,,RIGHT,0.0,tank=1|target=5|cooldown=0,0.5,"[""RIGHT"", ""RIGHT"", ""RIGHT"", ""RIGHT"", ""RIGHT""]","[""tank=1|target=5|cooldown=0"", ""tank=1|target=5|cooldown=1"", ""tank=1|target=5|cooldown=1"", ""tank=1|target=5|cooldown=1"", ""tank=1|target=5|cooldown=0""]"
False,video-final-negative-critical,,,minimum_visible_fraction,,,critical_evidence_removed,sha256:f2b9b2fc9156a58715054a7b1b09a9671b343ec05d4ba5b15339c0c1ff52a0a6,,RIGHT,0.0,tank=2|target=5|cooldown=0,0.5,"[""RIGHT"", ""RIGHT"", ""RIGHT"", ""RIGHT"", ""RIGHT""]","[""tank=2|target=5|cooldown=0"", ""tank=2|target=5|cooldown=1"", ""tank=2|target=5|cooldown=1"", ""tank=2|target=5|cooldown=1"", ""tank=2|target=5|cooldown=0""]"
False,video-final-negative-critical,,,minimum_visible_fraction,,,critical_evidence_removed,sha256:7a33f7d10bbbf8c1ac1c7e4d284b677186617f8cd0474f5d4c20d8f6ebdcc596,,RIGHT,0.0,tank=3|target=5|cooldown=0,0.5,"[""RIGHT"", ""RIGHT"", ""RIGHT"", ""RIGHT"", ""RIGHT""]","[""tank=3|target=5|cooldown=0"", ""tank=3|target=5|cooldown=1"", ""tank=3|target=5|cooldown=1"", ""tank=3|target=5|cooldown=1"", ""tank=3|target=5|cooldown=0""]"
False,video-final-negative-critical,,,minimum_visible_fraction,,,critical_evidence_removed,sha256:2506a9bf81e8095f80067ca53cf7607c9d68cf19fc11d1d505cfb66fb01d4af1,,RIGHT,0.0,tank=4|target=5|cooldown=0,0.5,"[""RIGHT"", ""RIGHT"", ""RIGHT"", ""RIGHT"", ""RIGHT""]","[""tank=4|target=5|cooldown=0"", ""tank=4|target=5|cooldown=1"", ""tank=4|target=5|cooldown=1"", ""tank=4|target=5|cooldown=1"", ""tank=4|target=5|cooldown=0""]"
False,video-final-negative-critical,,,minimum_visible_fraction,,,critical_evidence_removed,sha256:05b35b731a4b0934317aab621069b0e760a665f6b1f1b2079b47de588ae5d551,,FIRE,0.0,tank=5|target=5|cooldown=0,0.5,"[""FIRE"", ""STAY"", ""STAY"", ""STAY"", ""FIRE""]","[""tank=5|target=5|cooldown=0"", ""tank=5|target=5|cooldown=1"", ""tank=5|target=5|cooldown=1"", ""tank=5|target=5|cooldown=1"", ""tank=5|target=5|cooldown=0""]"
False,video-final-negative-reordered,,,minimum_visible_fraction,,,reordered_frames,sha256:d8c8424fd614e2760420913aa1a16b10bd8261db1cc996b53e2e34afd23c969e,,LEFT,0.0,tank=3|target=0|cooldown=0,0.5,"[""LEFT"", ""LEFT"", ""LEFT"", ""LEFT"", ""LEFT""]","[""tank=3|target=0|cooldown=0"", ""tank=3|target=0|cooldown=1"", ""tank=3|target=0|cooldown=1"", ""tank=3|target=0|cooldown=1"", ""tank=3|target=0|cooldown=0""]"
False,video-final-negative-reordered,,,minimum_visible_fraction,,,reordered_frames,sha256:143b2a21c303ec04b91e597f8c15f171953f575dd49f6d30778aba25d64f550a,,LEFT,0.0,tank=2|target=0|cooldown=0,0.5,"[""LEFT"", ""LEFT"", ""LEFT"", ""LEFT"", ""LEFT""]","[""tank=2|target=0|cooldown=0"", ""tank=2|target=0|cooldown=1"", ""tank=2|target=0|cooldown=1"", ""tank=2|target=0|cooldown=1"", ""tank=2|target=0|cooldown=0""]"
False,video-final-negative-reordered,,,minimum_visible_fraction,,,reordered_frames,sha256:d8163ed2e42727128f5de5cdf1e5b975cc4589612aac135f5c7b79ae01e052f4,,LEFT,0.0,tank=1|target=0|cooldown=0,0.5,"[""LEFT"", ""LEFT"", ""LEFT"", ""LEFT"", ""LEFT""]","[""tank=1|target=0|cooldown=0"", ""tank=1|target=0|cooldown=1"", ""tank=1|target=0|cooldown=1"", ""tank=1|target=0|cooldown=1"", ""tank=1|target=0|cooldown=0""]"
False,video-final-negative-reordered,,,minimum_visible_fraction,,,reordered_frames,sha256:71309a77eb00f810dd1844070d56ce7dddf049ae7af90f8928c6e39f041c80a6,,FIRE,0.0,tank=0|target=0|cooldown=0,0.5,"[""FIRE"", ""STAY"", ""STAY"", ""STAY"", ""FIRE""]","[""tank=0|target=0|cooldown=0"", ""tank=0|target=0|cooldown=1"", ""tank=0|target=0|cooldown=1"", ""tank=0|target=0|cooldown=1"", ""tank=0|target=0|cooldown=0""]"
False,video-final-negative-reordered,,,minimum_visible_fraction,,,reordered_frames,sha256:80fdf290a2dfa3e4fd0b325f1823a264a6175651b66b7ed4a9a70ee7fe6f024d,,RIGHT,0.0,tank=0|target=6|cooldown=0,0.5,"[""RIGHT"", ""RIGHT"", ""RIGHT"", ""RIGHT"", ""RIGHT""]","[""tank=0|target=6|cooldown=0"", ""tank=0|target=6|cooldown=1"", ""tank=0|target=6|cooldown=1"", ""tank=0|target=6|cooldown=1"", ""tank=0|target=6|cooldown=0""]"
False,video-final-negative-reordered,,,minimum_visible_fraction,,,reordered_frames,sha256:7ff4c64c0aec41c399754a0e1a5ab76bfde1dc48de9b113240908612a044c877,,RIGHT,0.0,tank=1|target=6|cooldown=0,0.5,"[""RIGHT"", ""RIGHT"", ""RIGHT"", ""RIGHT"", ""RIGHT""]","[""tank=1|target=6|cooldown=0"", ""tank=1|target=6|cooldown=1"", ""tank=1|target=6|cooldown=1"", ""tank=1|target=6|cooldown=1"", ""tank=1|target=6|cooldown=0""]"
False,video-final-negative-reordered,,,minimum_visible_fraction,,,reordered_frames,sha256:ae5ac82493d36e857073cfb27bbf57ac29d081cb508581c633ca55882e192f85,,RIGHT,0.0,tank=2|target=6|cooldown=0,0.5,"[""RIGHT"", ""RIGHT"", ""RIGHT"", ""RIGHT"", ""RIGHT""]","[""tank=2|target=6|cooldown=0"", ""tank=2|target=6|cooldown=1"", ""tank=2|target=6|cooldown=1"", ""tank=2|target=6|cooldown=1"", ""tank=2|target=6|cooldown=0""]"
False,video-final-negative-reordered,,,minimum_visible_fraction,,,reordered_frames,sha256:dc834e04808164c363dba6e797c3f7a96c27218096c9fa8311c4f23db3221413,,RIGHT,0.0,tank=3|target=6|cooldown=0,0.5,"[""RIGHT"", ""RIGHT"", ""RIGHT"", ""RIGHT"", ""RIGHT""]","[""tank=3|target=6|cooldown=0"", ""tank=3|target=6|cooldown=1"", ""tank=3|target=6|cooldown=1"", ""tank=3|target=6|cooldown=1"", ""tank=3|target=6|cooldown=0""]"
False,video-final-negative-reordered,,,minimum_visible_fraction,,,reordered_frames,sha256:55947d9d14266500a57fb0c272976ee89305bcbcfa008fc5cb94245955b0131e,,RIGHT,0.0,tank=4|target=6|cooldown=0,0.5,"[""RIGHT"", ""RIGHT"", ""RIGHT"", ""RIGHT"", ""RIGHT""]","[""tank=4|target=6|cooldown=0"", ""tank=4|target=6|cooldown=1"", ""tank=4|target=6|cooldown=1"", ""tank=4|target=6|cooldown=1"", ""tank=4|target=6|cooldown=0""]"
False,video-final-negative-reordered,,,minimum_visible_fraction,,,reordered_frames,sha256:420655da23f67789a369b86d469199d0ea2a618db0b2570dd00fd7160fbf1c9d,,RIGHT,0.0,tank=5|target=6|cooldown=0,0.5,"[""RIGHT"", ""RIGHT"", ""RIGHT"", ""RIGHT"", ""RIGHT""]","[""tank=5|target=6|cooldown=0"", ""tank=5|target=6|cooldown=1"", ""tank=5|target=6|cooldown=1"", ""tank=5|target=6|cooldown=1"", ""tank=5|target=6|cooldown=0""]"
False,video-final-negative-reordered,,,minimum_visible_fraction,,,reordered_frames,sha256:a52db1281e9db31b038e51c2fe1ebe0a330c0932b54af9e0c64a20a7e53f17b1,,FIRE,0.0,tank=6|target=6|cooldown=0,0.5,"[""FIRE"", ""STAY"", ""STAY"", ""STAY"", ""FIRE""]","[""tank=6|target=6|cooldown=0"", ""tank=6|target=6|cooldown=1"", ""tank=6|target=6|cooldown=1"", ""tank=6|target=6|cooldown=1"", ""tank=6|target=6|cooldown=0""]"
False,video-final-negative-reordered,,,minimum_visible_fraction,,,reordered_frames,sha256:88de8f40522e2aa3e83f804bfa1e85f58c33c304ebddb8c2762552d6029ec7ea,,LEFT,0.0,tank=6|target=1|cooldown=0,0.5,"[""LEFT"", ""LEFT"", ""LEFT"", ""LEFT"", ""LEFT""]","[""tank=6|target=1|cooldown=0"", ""tank=6|target=1|cooldown=1"", ""tank=6|target=1|cooldown=1"", ""tank=6|target=1|cooldown=1"", ""tank=6|target=1|cooldown=0""]"
False,video-final-negative-reordered,,,minimum_visible_fraction,,,reordered_frames,sha256:7a2bd19d3adb88afbfe95aacd187d46051bd81c6e695e40285a10923200b1715,,LEFT,0.0,tank=5|target=1|cooldown=0,0.5,"[""LEFT"", ""LEFT"", ""LEFT"", ""LEFT"", ""LEFT""]","[""tank=5|target=1|cooldown=0"", ""tank=5|target=1|cooldown=1"", ""tank=5|target=1|cooldown=1"", ""tank=5|target=1|cooldown=1"", ""tank=5|target=1|cooldown=0""]"
False,video-final-negative-reordered,,,minimum_visible_fraction,,,reordered_frames,sha256:b08c0a69d26f91edf0513d6f56be5181f97de6f94c930ddf34814e5f018fd9a4,,LEFT,0.0,tank=4|target=1|cooldown=0,0.5,"[""LEFT"", ""LEFT"", ""LEFT"", ""LEFT"", ""LEFT""]","[""tank=4|target=1|cooldown=0"", ""tank=4|target=1|cooldown=1"", ""tank=4|target=1|cooldown=1"", ""tank=4|target=1|cooldown=1"", ""tank=4|target=1|cooldown=0""]"
False,video-final-negative-reordered,,,minimum_visible_fraction,,,reordered_frames,sha256:9cf7c95f21289166c3a0bd97bcb3a61509aa021ccd597c6ca280f16d1a20f402,,LEFT,0.0,tank=3|target=1|cooldown=0,0.5,"[""LEFT"", ""LEFT"", ""LEFT"", ""LEFT"", ""LEFT""]","[""tank=3|target=1|cooldown=0"", ""tank=3|target=1|cooldown=1"", ""tank=3|target=1|cooldown=1"", ""tank=3|target=1|cooldown=1"", ""tank=3|target=1|cooldown=0""]"
False,video-final-negative-reordered,,,minimum_visible_fraction,,,reordered_frames,sha256:df0e8eec694bf257a96c317954cd663486c1322852b6ef1639206bd4c1db1333,,LEFT,0.0,tank=2|target=1|cooldown=0,0.5,"[""LEFT"", ""LEFT"", ""LEFT"", ""LEFT"", ""LEFT""]","[""tank=2|target=1|cooldown=0"", ""tank=2|target=1|cooldown=1"", ""tank=2|target=1|cooldown=1"", ""tank=2|target=1|cooldown=1"", ""tank=2|target=1|cooldown=0""]"
False,video-final-negative-reordered,,,minimum_visible_fraction,,,reordered_frames,sha256:f04314bd3e42a0795705c277c3ce203a7163a76503ec72a410509918aa08a49e,,FIRE,0.0,tank=1|target=1|cooldown=0,0.5,"[""FIRE"", ""STAY"", ""STAY"", ""STAY"", ""FIRE""]","[""tank=1|target=1|cooldown=0"", ""tank=1|target=1|cooldown=1"", ""tank=1|target=1|cooldown=1"", ""tank=1|target=1|cooldown=1"", ""tank=1|target=1|cooldown=0""]"
False,video-final-negative-reordered,,,minimum_visible_fraction,,,reordered_frames,sha256:122fe31c629adf2905feba176158bfc4620857864b5db28144238983619c1223,,RIGHT,0.0,tank=1|target=5|cooldown=0,0.5,"[""RIGHT"", ""RIGHT"", ""RIGHT"", ""RIGHT"", ""RIGHT""]","[""tank=1|target=5|cooldown=0"", ""tank=1|target=5|cooldown=1"", ""tank=1|target=5|cooldown=1"", ""tank=1|target=5|cooldown=1"", ""tank=1|target=5|cooldown=0""]"
False,video-final-negative-reordered,,,minimum_visible_fraction,,,reordered_frames,sha256:860053533161f1e5a6c6b1a1f0d03c8c84b19ff2afa0505d8c5665dadd0c0765,,RIGHT,0.0,tank=2|target=5|cooldown=0,0.5,"[""RIGHT"", ""RIGHT"", ""RIGHT"", ""RIGHT"", ""RIGHT""]","[""tank=2|target=5|cooldown=0"", ""tank=2|target=5|cooldown=1"", ""tank=2|target=5|cooldown=1"", ""tank=2|target=5|cooldown=1"", ""tank=2|target=5|cooldown=0""]"
False,video-final-negative-reordered,,,minimum_visible_fraction,,,reordered_frames,sha256:c749cfcc6ed55ef0e2e51cd51c7f43eb9a6b9a5f4f7f9a38182cb9d2e8dab221,,RIGHT,0.0,tank=3|target=5|cooldown=0,0.5,"[""RIGHT"", ""RIGHT"", ""RIGHT"", ""RIGHT"", ""RIGHT""]","[""tank=3|target=5|cooldown=0"", ""tank=3|target=5|cooldown=1"", ""tank=3|target=5|cooldown=1"", ""tank=3|target=5|cooldown=1"", ""tank=3|target=5|cooldown=0""]"
False,video-final-negative-reordered,,,minimum_visible_fraction,,,reordered_frames,sha256:45c579b5b168e26e9b656d6ad25e96749cbd166a02a8933fc36a0c003b569f28,,RIGHT,0.0,tank=4|target=5|cooldown=0,0.5,"[""RIGHT"", ""RIGHT"", ""RIGHT"", ""RIGHT"", ""RIGHT""]","[""tank=4|target=5|cooldown=0"", ""tank=4|target=5|cooldown=1"", ""tank=4|target=5|cooldown=1"", ""tank=4|target=5|cooldown=1"", ""tank=4|target=5|cooldown=0""]"
False,video-final-negative-reordered,,,minimum_visible_fraction,,,reordered_frames,sha256:5da1735832de6a51322f8629d1b91ea28768587e5b74fe3611d79a01e5a81dd9,,FIRE,0.0,tank=5|target=5|cooldown=0,0.5,"[""FIRE"", ""STAY"", ""STAY"", ""STAY"", ""FIRE""]","[""tank=5|target=5|cooldown=0"", ""tank=5|target=5|cooldown=1"", ""tank=5|target=5|cooldown=1"", ""tank=5|target=5|cooldown=1"", ""tank=5|target=5|cooldown=0""]"
False,video-final-negative-stale,,,minimum_visible_fraction,,,stale_repeated_pixels,sha256:3831e8363f9522e01dc1bbdbc2f8c5459b1732ed2e98df21f99d287370955ec7,,LEFT,0.0,tank=3|target=0|cooldown=0,0.5,"[""LEFT"", ""LEFT"", ""LEFT"", ""LEFT"", ""LEFT""]","[""tank=3|target=0|cooldown=0"", ""tank=3|target=0|cooldown=1"", ""tank=3|target=0|cooldown=1"", ""tank=3|target=0|cooldown=1"", ""tank=3|target=0|cooldown=0""]"
False,video-final-negative-stale,,,minimum_visible_fraction,,,stale_repeated_pixels,sha256:eddda343527ee449606d569e9152375a3358a52bb1535ad136de3be249ca1e97,,LEFT,0.0,tank=2|target=0|cooldown=0,0.5,"[""LEFT"", ""LEFT"", ""LEFT"", ""LEFT"", ""LEFT""]","[""tank=2|target=0|cooldown=0"", ""tank=2|target=0|cooldown=1"", ""tank=2|target=0|cooldown=1"", ""tank=2|target=0|cooldown=1"", ""tank=2|target=0|cooldown=0""]"
False,video-final-negative-stale,,,minimum_visible_fraction,,,stale_repeated_pixels,sha256:6d3ef5f8937565d021dd6a9af0e8af733fa8902208da05a6c397a1b8515d675a,,LEFT,0.0,tank=3|target=0|cooldown=0,0.5,"[""LEFT"", ""LEFT"", ""LEFT"", ""LEFT"", ""LEFT""]","[""tank=3|target=0|cooldown=0"", ""tank=3|target=0|cooldown=1"", ""tank=3|target=0|cooldown=1"", ""tank=3|target=0|cooldown=1"", ""tank=3|target=0|cooldown=0""]"
False,video-final-negative-stale,,,minimum_visible_fraction,,,stale_repeated_pixels,sha256:77557639c361745fc7af17ea98b48c47b51a11304a08e96e035e3c7be4256ef6,,LEFT,0.0,tank=3|target=0|cooldown=0,0.5,"[""LEFT"", ""LEFT"", ""LEFT"", ""LEFT"", ""LEFT""]","[""tank=3|target=0|cooldown=0"", ""tank=3|target=0|cooldown=1"", ""tank=3|target=0|cooldown=1"", ""tank=3|target=0|cooldown=1"", ""tank=3|target=0|cooldown=0""]"
False,video-final-negative-stale,,,minimum_visible_fraction,,,stale_repeated_pixels,sha256:87f0aa2957147085779b0519ea4f25fa5818c654480c8a8cb0d47e385de71327,,LEFT,0.0,tank=3|target=0|cooldown=0,0.5,"[""LEFT"", ""LEFT"", ""LEFT"", ""LEFT"", ""LEFT""]","[""tank=3|target=0|cooldown=0"", ""tank=3|target=0|cooldown=1"", ""tank=3|target=0|cooldown=1"", ""tank=3|target=0|cooldown=1"", ""tank=3|target=0|cooldown=0""]"
False,video-final-negative-stale,,,minimum_visible_fraction,,,stale_repeated_pixels,sha256:a0ab9d7ff3edd2f6db624cb7700d50ea21c4c21a43d81fafeb17b251f11dfe33,,LEFT,0.0,tank=3|target=0|cooldown=0,0.5,"[""LEFT"", ""LEFT"", ""LEFT"", ""LEFT"", ""LEFT""]","[""tank=3|target=0|cooldown=0"", ""tank=3|target=0|cooldown=1"", ""tank=3|target=0|cooldown=1"", ""tank=3|target=0|cooldown=1"", ""tank=3|target=0|cooldown=0""]"
False,video-final-negative-stale,,,minimum_visible_fraction,,,stale_repeated_pixels,sha256:89452e708823a44dbaea61767c006a9306118e19d0600efef688ac080fdc8ca5,,LEFT,0.0,tank=3|target=0|cooldown=0,0.5,"[""LEFT"", ""LEFT"", ""LEFT"", ""LEFT"", ""LEFT""]","[""tank=3|target=0|cooldown=0"", ""tank=3|target=0|cooldown=1"", ""tank=3|target=0|cooldown=1"", ""tank=3|target=0|cooldown=1"", ""tank=3|target=0|cooldown=0""]"
False,video-final-negative-stale,,,minimum_visible_fraction,,,stale_repeated_pixels,sha256:371f9463f6ecbff88d3cf698ac96a83d09a5841989480e2a69f6eee9089725be,,LEFT,0.0,tank=3|target=0|cooldown=0,0.5,"[""LEFT"", ""LEFT"", ""LEFT"", ""LEFT"", ""LEFT""]","[""tank=3|target=0|cooldown=0"", ""tank=3|target=0|cooldown=1"", ""tank=3|target=0|cooldown=1"", ""tank=3|target=0|cooldown=1"", ""tank=3|target=0|cooldown=0""]"
False,video-final-negative-stale,,,minimum_visible_fraction,,,stale_repeated_pixels,sha256:89952b5d1c80f6f8b3d17721f80c26493bd75683261846a1071f0e2613e0aced,,LEFT,0.0,tank=3|target=0|cooldown=0,0.5,"[""LEFT"", ""LEFT"", ""LEFT"", ""LEFT"", ""LEFT""]","[""tank=3|target=0|cooldown=0"", ""tank=3|target=0|cooldown=1"", ""tank=3|target=0|cooldown=1"", ""tank=3|target=0|cooldown=1"", ""tank=3|target=0|cooldown=0""]"
False,video-final-negative-stale,,,minimum_visible_fraction,,,stale_repeated_pixels,sha256:314fd8490dee326e52e63556451ed40af00ca26cf07dd94c4def78dec01980b0,,LEFT,0.0,tank=3|target=0|cooldown=0,0.5,"[""LEFT"", ""LEFT"", ""LEFT"", ""LEFT"", ""LEFT""]","[""tank=3|target=0|cooldown=0"", ""tank=3|target=0|cooldown=1"", ""tank=3|target=0|cooldown=1"", ""tank=3|target=0|cooldown=1"", ""tank=3|target=0|cooldown=0""]"
False,video-final-negative-stale,,,minimum_visible_fraction,,,stale_repeated_pixels,sha256:402344a88cd8fcbf4a9295063ea51e620284cb55f51e240e4bed4f2f3491c264,,LEFT,0.0,tank=3|target=0|cooldown=0,0.5,"[""LEFT"", ""LEFT"", ""LEFT"", ""LEFT"", ""LEFT""]","[""tank=3|target=0|cooldown=0"", ""tank=3|target=0|cooldown=1"", ""tank=3|target=0|cooldown=1"", ""tank=3|target=0|cooldown=1"", ""tank=3|target=0|cooldown=0""]"
False,video-final-negative-stale,,,minimum_visible_fraction,,,stale_repeated_pixels,sha256:5905e599b3feacffa3215776f331a128558f2fb4986c2525cd66d1294099d57a,,LEFT,0.0,tank=3|target=0|cooldown=0,0.5,"[""LEFT"", ""LEFT"", ""LEFT"", ""LEFT"", ""LEFT""]","[""tank=3|target=0|cooldown=0"", ""tank=3|target=0|cooldown=1"", ""tank=3|target=0|cooldown=1"", ""tank=3|target=0|cooldown=1"", ""tank=3|target=0|cooldown=0""]"
False,video-final-negative-stale,,,minimum_visible_fraction,,,stale_repeated_pixels,sha256:15659b5b31540cc4feec48e2fc8ebf90609fd6fdba654d82b3e474df3f951aea,,LEFT,0.0,tank=3|target=0|cooldown=0,0.5,"[""LEFT"", ""LEFT"", ""LEFT"", ""LEFT"", ""LEFT""]","[""tank=3|target=0|cooldown=0"", ""tank=3|target=0|cooldown=1"", ""tank=3|target=0|cooldown=1"", ""tank=3|target=0|cooldown=1"", ""tank=3|target=0|cooldown=0""]"
False,video-final-negative-stale,,,minimum_visible_fraction,,,stale_repeated_pixels,sha256:c512abd50017bffa2f2b23744203e704579e450d38ab49baa67ecd1224ef1703,,LEFT,0.0,tank=3|target=0|cooldown=0,0.5,"[""LEFT"", ""LEFT"", ""LEFT"", ""LEFT"", ""LEFT""]","[""tank=3|target=0|cooldown=0"", ""tank=3|target=0|cooldown=1"", ""tank=3|target=0|cooldown=1"", ""tank=3|target=0|cooldown=1"", ""tank=3|target=0|cooldown=0""]"
False,video-final-negative-stale,,,minimum_visible_fraction,,,stale_repeated_pixels,sha256:88f5dbfd278714fd3e58aee1d60a3acfb587d2efd25efd754cb7ae316ecac7d6,,LEFT,0.0,tank=3|target=0|cooldown=0,0.5,"[""LEFT"", ""LEFT"", ""LEFT"", ""LEFT"", ""LEFT""]","[""tank=3|target=0|cooldown=0"", ""tank=3|target=0|cooldown=1"", ""tank=3|target=0|cooldown=1"", ""tank=3|target=0|cooldown=1"", ""tank=3|target=0|cooldown=0""]"
False,video-final-negative-stale,,,minimum_visible_fraction,,,stale_repeated_pixels,sha256:b2a0db4c5f1d7a38e133981acf8ad0654600edee236deccc9bd58a7b5f983554,,LEFT,0.0,tank=3|target=0|cooldown=0,0.5,"[""LEFT"", ""LEFT"", ""LEFT"", ""LEFT"", ""LEFT""]","[""tank=3|target=0|cooldown=0"", ""tank=3|target=0|cooldown=1"", ""tank=3|target=0|cooldown=1"", ""tank=3|target=0|cooldown=1"", ""tank=3|target=0|cooldown=0""]"
False,video-final-negative-stale,,,minimum_visible_fraction,,,stale_repeated_pixels,sha256:d75cc3f52eff414f84c467c01eafcb5d487fa3e6e1d2329e2faf67ad07927882,,LEFT,0.0,tank=3|target=0|cooldown=0,0.5,"[""LEFT"", ""LEFT"", ""LEFT"", ""LEFT"", ""LEFT""]","[""tank=3|target=0|cooldown=0"", ""tank=3|target=0|cooldown=1"", ""tank=3|target=0|cooldown=1"", ""tank=3|target=0|cooldown=1"", ""tank=3|target=0|cooldown=0""]"
False,video-final-negative-stale,,,minimum_visible_fraction,,,stale_repeated_pixels,sha256:96f913f60eb01528ea830270616c8c5c97603d5d4ba8f3b3de77beab6990872e,,LEFT,0.0,tank=3|target=0|cooldown=0,0.5,"[""LEFT"", ""LEFT"", ""LEFT"", ""LEFT"", ""LEFT""]","[""tank=3|target=0|cooldown=0"", ""tank=3|target=0|cooldown=1"", ""tank=3|target=0|cooldown=1"", ""tank=3|target=0|cooldown=1"", ""tank=3|target=0|cooldown=0""]"
False,video-final-negative-stale,,,minimum_visible_fraction,,,stale_repeated_pixels,sha256:cfd623bf66798414f33384380438cde1536e14288f0b2afae3712b303ac689ad,,LEFT,0.0,tank=3|target=0|cooldown=0,0.5,"[""LEFT"", ""LEFT"", ""LEFT"", ""LEFT"", ""LEFT""]","[""tank=3|target=0|cooldown=0"", ""tank=3|target=0|cooldown=1"", ""tank=3|target=0|cooldown=1"", ""tank=3|target=0|cooldown=1"", ""tank=3|target=0|cooldown=0""]"
False,video-final-negative-stale,,,minimum_visible_fraction,,,stale_repeated_pixels,sha256:87065def82f931d61161de204acef4a4677c9164864f5d8df38d89b2ead62e9c,,LEFT,0.0,tank=3|target=0|cooldown=0,0.5,"[""LEFT"", ""LEFT"", ""LEFT"", ""LEFT"", ""LEFT""]","[""tank=3|target=0|cooldown=0"", ""tank=3|target=0|cooldown=1"", ""tank=3|target=0|cooldown=1"", ""tank=3|target=0|cooldown=1"", ""tank=3|target=0|cooldown=0""]"
False,video-final-negative-stale,,,minimum_visible_fraction,,,stale_repeated_pixels,sha256:1524a1225a799c34627399ed99a70a4ccff30093c01c293955408b18c07097b5,,LEFT,0.0,tank=3|target=0|cooldown=0,0.5,"[""LEFT"", ""LEFT"", ""LEFT"", ""LEFT"", ""LEFT""]","[""tank=3|target=0|cooldown=0"", ""tank=3|target=0|cooldown=1"", ""tank=3|target=0|cooldown=1"", ""tank=3|target=0|cooldown=1"", ""tank=3|target=0|cooldown=0""]"
False,video-final-negative-stale,,,minimum_visible_fraction,,,stale_repeated_pixels,sha256:497d3b4b0442685c8068f245abbd03b224bdabfcdcaf955260edc3aac0b00050,,LEFT,0.0,tank=3|target=0|cooldown=0,0.5,"[""LEFT"", ""LEFT"", ""LEFT"", ""LEFT"", ""LEFT""]","[""tank=3|target=0|cooldown=0"", ""tank=3|target=0|cooldown=1"", ""tank=3|target=0|cooldown=1"", ""tank=3|target=0|cooldown=1"", ""tank=3|target=0|cooldown=0""]"
