path,module,lines,classification,target_distribution,target_namespace,responsibility,public_symbols,inbound_internal_count,outbound_internal_count,external_dependencies,test_paths,example_paths,cli_entry_points,identity_or_schema_ownership,move_action,confidence,rationale,blocking_questions
examples/analyze_visual_address_report.py,examples.analyze_visual_address_report,50,examples,,,example or benchmark entry point,REPO_ROOT;main,0,0,research,,,console/module script,none,retain-tooling,high,Example code demonstrates or benchmarks capabilities outside production package ownership.,
examples/arcade_shooter_policy.py,examples.arcade_shooter_policy,55,examples,,,example or benchmark entry point,ACTIONS;ShooterConfig;TinyArcadeShooter;_action_values;compile_policy_artifact;random_baseline_average;run_policy_episode;state_row_id,5,0,,,examples/arcade_visual_address_benchmark.py;examples/arcade_visual_local_evidence_benchmark.py;examples/arcade_visual_video_discriminative_evidence_benchmark.py;examples/render_signs_demo.py,console/module script,none,retain-tooling,high,Example code demonstrates or benchmarks capabilities outside production package ownership.,
examples/arcade_visual_action_set_reachability_benchmark.py,examples.arcade_visual_action_set_reachability_benchmark,13,examples,,,example or benchmark entry point,REPO_ROOT,0,0,research,,,console/module script,none,retain-tooling,high,Example code demonstrates or benchmarks capabilities outside production package ownership.,
examples/arcade_visual_address_benchmark.py,examples.arcade_visual_address_benchmark,696,examples,,,example or benchmark entry point,ArcadeBenchmarkDataset;REPO_ROOT;SOURCE_SCOPE;build_arcade_benchmark_dataset;main;run_benchmark,4,3,numpy;research,,examples/arcade_visual_local_baseline_postanalysis.py;examples/arcade_visual_local_baseline_showdown.py;examples/arcade_visual_local_evidence_benchmark.py;examples/arcade_visual_system_b_adjudication.py,console/module script,none,retain-tooling,high,Example code demonstrates or benchmarks capabilities outside production package ownership.,
examples/arcade_visual_local_baseline_postanalysis.py,examples.arcade_visual_local_baseline_postanalysis,519,examples,,,example or benchmark entry point,DEFAULT_OUTPUT_DIR;DEFAULT_SOURCE_DIR;POSTANALYSIS_VERSION;REPO_ROOT;main;run_postanalysis,0,2,research,,,console/module script,POSTANALYSIS_VERSION,retain-tooling,high,Example code demonstrates or benchmarks capabilities outside production package ownership.,
examples/arcade_visual_local_baseline_showdown.py,examples.arcade_visual_local_baseline_showdown,655,examples,,,example or benchmark entry point,DEFAULT_OUTPUT_DIR;EXPECTED_STARTING_MAIN_SHA;FROZEN_SYSTEM_B_DIR;FROZEN_SYSTEM_B_IDENTITIES;GENERATOR_VERSION;QUANTILES;REPO_ROOT;SHOWDOWN_PROTOCOL_VERSION;SYSTEM_ID;SYSTEM_NAME;main;run_showdown,1,1,research,,examples/arcade_visual_local_baseline_postanalysis.py,console/module script,GENERATOR_VERSION;SHOWDOWN_PROTOCOL_VERSION,retain-tooling,high,Example code demonstrates or benchmarks capabilities outside production package ownership.,
examples/arcade_visual_local_evidence_benchmark.py,examples.arcade_visual_local_evidence_benchmark,633,examples,,,example or benchmark entry point,PROTOCOL_VERSION;REPO_ROOT;SOURCE_SCOPE;build_arcade_local_evidence_dataset;main,3,3,numpy;research,,examples/arcade_visual_registered_calibration_v2.py;examples/arcade_visual_video_discriminative_evidence_benchmark.py,console/module script,PROTOCOL_VERSION,retain-tooling,high,Example code demonstrates or benchmarks capabilities outside production package ownership.,
examples/arcade_visual_registered_calibration_v2.py,examples.arcade_visual_registered_calibration_v2,395,examples,,,example or benchmark entry point,DEFAULT_OUTPUT_DIR;EXPECTED_STARTING_MAIN_SHA;FROZEN_R1_V1_DIR;FROZEN_SYSTEM_B_DIR;GENERATOR_VERSION;QUANTILES;REPO_ROOT;SHOWDOWN_PROTOCOL_VERSION;SYSTEM_ID;SYSTEM_NAME;main;run_registered_calibration_v2,0,1,research,,,console/module script,GENERATOR_VERSION;SHOWDOWN_PROTOCOL_VERSION,retain-tooling,high,Example code demonstrates or benchmarks capabilities outside production package ownership.,
examples/arcade_visual_sign_reader.py,examples.arcade_visual_sign_reader,214,examples,,,example or benchmark entry point,REPO_ROOT;arcade_visual_feature_spec;compile_visual_index_artifact;enumerate_visual_frames;exhaustive_visual_equivalence;main;make_visual_reader;run_visual_policy_episode,4,0,numpy,,examples/arcade_visual_address_benchmark.py;examples/arcade_visual_local_evidence_benchmark.py;examples/arcade_visual_video_baseline.py;examples/arcade_visual_video_discriminative_evidence_benchmark.py,console/module script,none,retain-tooling,high,Example code demonstrates or benchmarks capabilities outside production package ownership.,
examples/arcade_visual_system_b_adjudication.py,examples.arcade_visual_system_b_adjudication,567,examples,,,example or benchmark entry point,GENERATOR_VERSION;REPO_ROOT;main;run,0,1,numpy;research,,,console/module script,GENERATOR_VERSION,retain-tooling,high,Example code demonstrates or benchmarks capabilities outside production package ownership.,
examples/arcade_visual_video_baseline.py,examples.arcade_visual_video_baseline,149,examples,,,example or benchmark entry point,REPO_ROOT;build_canonical_arcade_clip;main;run_exact_video_baseline,0,1,,,,console/module script,none,retain-tooling,high,Example code demonstrates or benchmarks capabilities outside production package ownership.,
examples/arcade_visual_video_discriminative_evidence_benchmark.py,examples.arcade_visual_video_discriminative_evidence_benchmark,3899,examples,,,example or benchmark entry point,ARCHITECTURES;AUDIT_ARTIFACT_NAMES;BENCHMARK_GENERATOR_VERSION;BENCHMARK_GENERATOR_VERSION_V2;BENCHMARK_GENERATOR_VERSION_V3;BENCHMARK_PROVIDER_VERSION_V3;BENCHMARK_VERSION;BENCHMARK_VERSION_V2;BENCHMARK_VERSION_V3;DIAGNOSTICS_DIR;EVALUATION_ROW_SAMPLE_SIZE;FINAL_SEED_DIGEST_V2;FINAL_SEED_DIGEST_V3;FINAL_SEED_MATERIAL;FINAL_SEED_MATERIAL_V2;FINAL_SEED_MATERIAL_V3;MAXIMUM_USEFUL_CANDIDATE_SET_SIZE;MEASUREMENT_AUDIT_DIR;NON_PROTOTYPE_ROW_SAMPLE_SIZE;OUTPUT_DIR;OUTPUT_DIR_V2;OUTPUT_DIR_V3;PREREGISTRATION_COMMIT;REPO_ROOT;SELECTION_NEGATIVE_CANDIDATE_SET_SUPPORT_BLOCKS_FEASIBILITY;SIMPLICITY_ORDER;SPLIT_ROLES;STAGE2_BENCHMARK_DIGEST;STAGE2_PARENT_COMMIT;STAGE2_SPLIT_DIGEST;Stage3Benchmark;Stage3Record;Stage3VersionConfig;V2_AMENDMENT_COMMIT;V2_BENCHMARK_BASE_ARTIFACT_NAMES;V2_PREFINAL_ARTIFACT_NAMES;V2_REPRESENTATION_AUDIT_ARTIFACT_NAMES;V3_AMENDMENT_COMMIT;V3_ARTIFACT_NAMES;VALID_V1_RULINGS;main;run_audit_v3_self_retrieval;run_calibrate_v2;run_evaluate_v2;run_freeze_benchmark_v2;run_freeze_benchmark_v3;run_rebuild_stage2_diagnosis;run_select_architecture_v2;run_verify_pre_final_v2;run_verify_stage2_diagnosis;run_verify_v2_benchmark;run_verify_v3_instrument;validate_prototype_and_development_closure,0,4,numpy;research,,,console/module script,BENCHMARK_GENERATOR_VERSION;BENCHMARK_VERSION,retain-tooling,high,Example code demonstrates or benchmarks capabilities outside production package ownership.,
examples/bertin_pattern_detection.py,examples.bertin_pattern_detection,126,examples,,,example or benchmark entry point,block_adjacency;main;planted_block_matrix;source_artifact,0,0,numpy,,,console/module script,none,retain-tooling,high,Example code demonstrates or benchmarks capabilities outside production package ownership.,
examples/criticality_verification.py,examples.criticality_verification,309,examples,,,example or benchmark entry point,FIRE_REQUIRES_ALIGNMENT;NO_TARGET_REQUIRES_STAY;PROPERTIES;compile_q_policy_artifact;main;run_demo;state_row_id;teacher_q_values;verify_policy,0,0,,,,console/module script,none,retain-tooling,high,Example code demonstrates or benchmarks capabilities outside production package ownership.,
examples/end_to_end_learning_trace.py,examples.end_to_end_learning_trace,73,examples,,,example or benchmark entry point,OUT_DIR;ROOT;main,0,0,,,,console/module script,none,retain-tooling,high,Example code demonstrates or benchmarks capabilities outside production package ownership.,
examples/end_to_end_training_progress.py,examples.end_to_end_training_progress,53,examples,,,example or benchmark entry point,FIXTURE;OUT_DIR;ROOT;main,0,0,,,,console/module script,none,retain-tooling,high,Example code demonstrates or benchmarks capabilities outside production package ownership.,
examples/learning_trace_demo.py,examples.learning_trace_demo,64,examples,,,example or benchmark entry point,main,0,0,,,,console/module script,none,retain-tooling,high,Example code demonstrates or benchmarks capabilities outside production package ownership.,
examples/lua_edge_policy.py,examples.lua_edge_policy,50,examples,,,example or benchmark entry point,export_lua_policy;main,0,0,arcade_shooter_policy,,,console/module script,none,retain-tooling,high,Example code demonstrates or benchmarks capabilities outside production package ownership.,
examples/policy_lookup_benchmark.py,examples.policy_lookup_benchmark,113,examples,,,example or benchmark entry point,main;run_benchmark,0,0,arcade_shooter_policy,,,console/module script,none,retain-tooling,high,Example code demonstrates or benchmarks capabilities outside production package ownership.,
examples/render_signs_demo.py,examples.render_signs_demo,374,examples,,,example or benchmark entry point,ACTION_MARKERS;DEFAULT_OUTPUT_DIR;MOVEMENT_ACTIONS;REPO_ROOT;main,0,1,PIL;matplotlib,,,console/module script,none,retain-tooling,high,Example code demonstrates or benchmarks capabilities outside production package ownership.,
examples/research_decision_manifold.py,examples.research_decision_manifold,87,examples,,,example or benchmark entry point,METRIC_IDS;OUT;ROW_IDS;panel,0,0,,,,console/module script,none,retain-tooling,high,Example code demonstrates or benchmarks capabilities outside production package ownership.,
examples/research_hallucination_energy_vpm.py,examples.research_hallucination_energy_vpm,99,examples,,,example or benchmark entry point,OUT_DIR;ROOT;main,0,0,,,,console/module script,none,retain-tooling,high,Example code demonstrates or benchmarks capabilities outside production package ownership.,
examples/research_multiview_dense_artifact.py,examples.research_multiview_dense_artifact,81,examples,,,example or benchmark entry point,OUT_DIR;ROOT;main,0,0,,,,console/module script,identity/schema behavior,retain-tooling,high,Example code demonstrates or benchmarks capabilities outside production package ownership.,
examples/research_spatial_optimizer.py,examples.research_spatial_optimizer,61,examples,,,example or benchmark entry point,OUT_DIR,0,0,,,,console/module script,none,retain-tooling,high,Example code demonstrates or benchmarks capabilities outside production package ownership.,
examples/training_progress_demo.py,examples.training_progress_demo,87,examples,,,example or benchmark entry point,main,0,0,,,,console/module script,none,retain-tooling,high,Example code demonstrates or benchmarks capabilities outside production package ownership.,
examples/training_tracker_adapters_demo.py,examples.training_tracker_adapters_demo,54,examples,,,example or benchmark entry point,main,0,0,,,,console/module script,none,retain-tooling,high,Example code demonstrates or benchmarks capabilities outside production package ownership.,
scripts/analyze_package_inventory.py,scripts.analyze_package_inventory,410,tooling,,,repository tooling and release validation,ALLOWED_PACKAGE_EDGES;CLASSIFICATIONS;DISTRIBUTIONS;ImportEdge;ModuleInfo;PY_ROOTS;REPO_ROOT;STDLIB_HINTS;TRACKED_EXTERNALS;best_known;classify;collect_imports;discover_python_files;edge_kind;external_name;identity_schema;load_modules;main;make_inventory;module_for_path;package_for;public_symbols;rel;resolve_relative;strongly_connected;write_outputs,0,0,,,,console/module script,none,retain-tooling,high,Repository script is not a production import namespace.,
scripts/architecture_rules/__init__.py,scripts.architecture_rules,30,tooling,,,repository tooling and release validation,TRACKED_EXTERNAL_MODULES;print_violations,0,0,,,,console/module script,none,retain-tooling,high,Repository script is not a production import namespace.,
scripts/architecture_rules/video_action_set.py,scripts.architecture_rules.video_action_set,162,tooling,,,repository tooling and release validation,stage6_forbidden_edge_violations,0,0,,,,console/module script,none,retain-tooling,high,Repository script is not a production import namespace.,
scripts/architecture_rules/video_action_set_modules.py,scripts.architecture_rules.video_action_set_modules,179,tooling,,,repository tooling and release validation,stage7a_forbidden_edge_violations,0,0,,,,console/module script,none,retain-tooling,high,Repository script is not a production import namespace.,
scripts/architecture_rules/video_instrument_shell.py,scripts.architecture_rules.video_instrument_shell,154,tooling,,,repository tooling and release validation,ARTIFACT_IO_MODULE;ARTIFACT_LAYOUT_MODULE;BENCHMARK_MODULE;BUILD_ORCHESTRATION_MODULE;CLI_MODULE;MUTATION_FILESYSTEM_MODULE;MUTATION_ORCHESTRATION_MODULE;REPORT_RENDERING_MODULE;STAGE7C_MODULES;VERIFICATION_GATE_ORCHESTRATION_MODULE;VERIFICATION_ORCHESTRATION_MODULE;video_instrument_shell_forbidden_edge_violations,1,0,,,,console/module script,none,retain-tooling,high,Repository script is not a production import namespace.,
scripts/architecture_rules/video_science_layers.py,scripts.architecture_rules.video_science_layers,558,tooling,,,repository tooling and release validation,video_science_forbidden_edge_violations,0,0,,,,console/module script,none,retain-tooling,high,Repository script is not a production import namespace.,
scripts/architecture_rules/video_verification_layers.py,scripts.architecture_rules.video_verification_layers,130,tooling,,,repository tooling and release validation,EVIDENCE_AUDIT_MODULE;MUTATION_AUDIT_MODULE;MUTATION_MATRIX_MODULE;REFERENCE_VERIFICATION_MODULE;STAGE7B_MODULES;VERIFICATION_MODULE;stage7b_forbidden_edge_violations,0,1,,,,console/module script,none,retain-tooling,high,Repository script is not a production import namespace.,
scripts/check_architecture.py,scripts.check_architecture,326,tooling,,,repository tooling and release validation,BOUNDARIES;ImportEdge;REPO_ROOT;Violation;best_known_module;build_import_graph;collect_import_edges;cycle_path;cycle_violations;discover_modules;edge_violation;forbidden_edge_violations;import_from_candidates;main;module_name_for_path;package_name_for_module;relative_path;resolve_relative_import;strongly_connected_components;tracked_external_module;workspace_source_roots,0,0,architecture_rules;tomli,,,console/module script,none,retain-tooling,high,Repository script is not a production import namespace.,
scripts/check_package_boundaries.py,scripts.check_package_boundaries,255,tooling,,,repository tooling and release validation,BOUNDARIES;ImportEdge;ModuleRecord;REPO_ROOT;best_known;collect_edges;dependency_cycles;discover_modules;import_kind;load_manifest;main;module_name;package_name;resolve_relative;validate_metadata,0,0,tomli,,,console/module script,none,retain-tooling,high,Repository script is not a production import namespace.,
scripts/check_quality.py,scripts.check_quality,177,tooling,,,repository tooling and release validation,FORMAT_LINT_PATHS;QUALITY_LIMIT_PATHS;REPO_ROOT;TYPING_PATHS;existing_python_paths;main;run_step,0,0,,,,console/module script,none,retain-tooling,high,Repository script is not a production import namespace.,
scripts/check_visual_evidence_impact.py,scripts.check_visual_evidence_impact,146,tooling,,,repository tooling and release validation,CLAIMS_AUDIT_PATH;EXEMPTION_PATH;EvidenceImpactResult;GUARDED_IMPLEMENTATION_PATHS;RELEVANT_RESEARCH_PREFIXES;RELEVANT_RESULTS_PREFIX;evaluate_changed_files;main,0,0,,,,console/module script,none,retain-tooling,high,Repository script is not a production import namespace.,
scripts/code_quality_report.py,scripts.code_quality_report,764,tooling,,,repository tooling and release validation,CONFIG_PATH;ClassMetric;ConfigError;EXCLUDED_PARTS;EXCLUDED_PREFIXES;FileMetric;FunctionMetric;LegacyException;NESTING_NODES;QualityConfig;REPO_ROOT;build_quality_config;build_report;class_metric;collect_definitions;collect_local_imports;discover_python_files;files_with_entries;format_file_findings;function_metric;inspect_file;is_excluded;limit_findings;main;markdown_report;max_ast_nesting;metric_as_dict;module_name_for_path;node_line_count;normalize_path;package_name_for_module;parse_args;parse_baseline_file;parse_section;parse_toml_scalar;parse_toml_string;relative_path;require_list;require_mapping;resolve_relative_import;sorted_exceptions;statement_child_bodies;strip_inline_comment;write_report,0,0,,,,console/module script,none,retain-tooling,high,Repository script is not a production import namespace.,
scripts/fast_suite_reporter.py,scripts.fast_suite_reporter,89,tooling,,,repository tooling and release validation,FastSuiteReport;pytest_configure,0,0,,,,console/module script,none,retain-tooling,high,Repository script is not a production import namespace.,
scripts/run_fast_tests.py,scripts.run_fast_tests,161,tooling,,,repository tooling and release validation,FAST_SUITE_BUDGET_SECONDS;FORBIDDEN_INTEGRATION_FLAGS;MARKER_EXPRESSION;REPORT_PATH;REPO_ROOT;SCRIPTS_DIR;TEST_ROOTS;evaluate_summary;main,0,0,,,,console/module script,none,retain-tooling,high,Repository script is not a production import namespace.,
scripts/validate_release_candidate.py,scripts.validate_release_candidate,648,tooling,,,repository tooling and release validation,Artifact;FORBIDDEN_WHEEL_FILES;FORBIDDEN_WHEEL_PREFIXES;PACKAGES;PUBLIC_API_CSV_COLUMNS;REPO_ROOT;VERSION;_PUBLIC_API_PROBE;artifacts;build_packages;clean_artifacts;install_and_probe;is_beneath;main;manifest_rows;package_pyproject;parse_wheel_metadata;release_test_layer_report;run;validate_sdists;validate_versions;validate_wheels;venv_python;wheel_names;write_manifest;write_public_exports,0,0,tomli,,,console/module script,none,retain-tooling,high,Repository script is not a production import namespace.,
tests/conftest.py,tests.conftest,158,tooling,,,test coverage and fixtures,INTEGRATION_TEST_FILES;RESEARCH_TEST_FILES;RESEARCH_TEST_PREFIXES;_STAGE6_MATERIALIZATION_TEST_MODULES;cache_stage6_materialization_plans;pytest_addoption;pytest_collection_modifyitems,0,0,pytest;research,,,,none,retain-tooling,high,Test module remains repository tooling for package extraction validation.,
tests/integration/test_video_finalization_authorized_observations.py,tests.integration.test_video_finalization_authorized_observations,198,tooling,,,test coverage and fixtures,test_final_observation_cannot_move_between_accesses;test_final_observation_without_access_uses_no_legacy_write_path;test_final_observations_are_writable_only_while_access_is_running;test_nonfinal_observation_identity_and_nullable_access_remain_unchanged,0,0,pytest;test_video_episode_plan_rmdto;test_video_observation_rmdto;video_final_test_support,,,,none,retain-tooling,high,Test module remains repository tooling for package extraction validation.,
tests/integration/test_video_finalization_cli_scripts.py,tests.integration.test_video_finalization_cli_scripts,269,tooling,,,test coverage and fixtures,REPO_ROOT;test_admin_cli_reads_without_mutating_authority_or_artifacts;test_final_cli_has_no_force_resume_or_overwrite;test_final_cli_requires_all_paths_explicitly;test_hostile_access_id_is_data_and_cannot_execute;test_powershell_admin_wrapper_propagates_json_and_exit_code;test_preflight_only_is_read_only_with_spaced_unicode_paths,0,0,pytest;video_final_test_support,,,,none,retain-tooling,high,Test module remains repository tooling for package extraction validation.,
tests/integration/test_video_finalization_executor_publication.py,tests.integration.test_video_finalization_executor_publication,269,tooling,,,test coverage and fixtures,REPO_ROOT;test_executor_cannot_fabricate_protocol_evaluation_decision_or_digest;test_no_executor_registration_leaks_across_runtime_or_process;test_real_filesystem_promotion_is_atomic_and_authorization_specific;test_staged_file_mutation_is_rejected_before_real_promotion;test_symlinked_output_parent_is_rejected_when_supported;test_symlinked_staged_artifact_is_rejected_when_supported;test_untrusted_executor_rows_are_rejected,0,0,pytest;video_final_test_support,,,,none,retain-tooling,high,Test module remains repository tooling for package extraction validation.,
tests/integration/test_video_finalization_failure_injection.py,tests.integration.test_video_finalization_failure_injection,243,tooling,,,test coverage and fixtures,InjectedFailure;test_failure_boundaries_preserve_receipt_last_contract;test_missing_or_invalid_receipt_blocks_claims_reports_and_repair,0,0,pytest;video_final_test_support,,,,none,retain-tooling,high,Test module remains repository tooling for package extraction validation.,
tests/integration/test_video_finalization_historical_evaluator.py,tests.integration.test_video_finalization_historical_evaluator,116,tooling,,,test coverage and fixtures,test_duplicate_evidence_identity_is_rejected;test_historical_authority_rejects_relative_paths;test_historical_manifest_bindings_reject_declared_mismatch;test_incomplete_required_evidence_is_indeterminate;test_missing_or_undeclared_evidence_provider_is_rejected;test_unknown_protocol_keys_fail_before_evaluation,0,0,pytest;video_final_test_support,,,,none,retain-tooling,high,Test module remains repository tooling for package extraction validation.,
tests/integration/test_video_finalization_package_boundary.py,tests.integration.test_video_finalization_package_boundary,122,tooling,,,test coverage and fixtures,REPO_ROOT;test_video_wheel_alone_carries_no_sqlalchemy_finalization_capability,0,0,pytest,,,,none,retain-tooling,high,Test module remains repository tooling for package extraction validation.,
tests/integration/test_video_finalization_reconstruction.py,tests.integration.test_video_finalization_reconstruction,237,tooling,,,test coverage and fixtures,REPO_ROOT;test_claim_eligibility_is_derived_in_fresh_process;test_completed_authority_reconstructs_all_bindings_in_fresh_process;test_terminal_publication_status_reconstructs_in_fresh_process,0,0,pytest;video_final_test_support,,,,none,retain-tooling,high,Test module remains repository tooling for package extraction validation.,
tests/integration/test_video_finalization_schema_authority.py,tests.integration.test_video_finalization_schema_authority,159,tooling,,,test coverage and fixtures,test_expected_authority_marker_constants_are_stable;test_fresh_and_zero_byte_authorities_initialize_reopen_and_enable_fks;test_historical_and_finalization_authorities_remain_distinct;test_malformed_finalization_authorities_fail_closed;test_unrelated_and_stage8_shaped_databases_are_rejected,0,0,pytest;sqlalchemy;video_final_test_support,,,,identity/schema behavior,retain-tooling,high,Test module remains repository tooling for package extraction validation.,
tests/integration/test_video_finalization_sqlite_concurrency.py,tests.integration.test_video_finalization_sqlite_concurrency,207,tooling,,,test coverage and fixtures,test_file_sqlite_separate_connections_have_exactly_one_cas_winner,0,0,pytest;video_final_test_support,,,,none,retain-tooling,high,Test module remains repository tooling for package extraction validation.,
tests/test_analyze_package_inventory.py,tests.test_analyze_package_inventory,62,tooling,,,test coverage and fixtures,SCRIPT_PATH;SPEC;test_import_graph_is_deterministic_with_fixed_timestamp;test_inventory_rows_cover_unique_modules_and_allowed_classifications;test_write_outputs_emit_parseable_csv_and_json,0,0,,,,,none,retain-tooling,high,Test module remains repository tooling for package extraction validation.,
tests/test_architecture_checker_workspace.py,tests.test_architecture_checker_workspace,88,tooling,,,test coverage and fixtures,REPO_ROOT;SCRIPTS_ROOT;SPEC;test_cycle_violations_detects_a_deliberate_local_import_cycle;test_cycle_violations_is_clean_for_an_acyclic_graph;test_discover_modules_covers_all_six_source_roots;test_discover_modules_inspects_more_than_zero_production_modules;test_forbidden_edge_violations_still_accepts_the_three_field_import_edge;test_main_fails_rather_than_passing_vacuously_when_no_source_root_exists,0,0,pytest,,,,none,retain-tooling,high,Test module remains repository tooling for package extraction validation.,
tests/test_ci_matrix_coverage.py,tests.test_ci_matrix_coverage,29,tooling,,,test coverage and fixtures,PACKAGE_INTEGRATION_WORKFLOW;REPO_ROOT;test_no_workflow_publishes_or_tags_a_release_during_stage_a2;test_package_integration_demonstrates_workspace_install_fast_suite_quality_and_release;test_package_integration_runs_the_full_python_version_matrix,0,0,,,,,none,retain-tooling,high,Test module remains repository tooling for package extraction validation.,
tests/test_claims_audit_workflow_coverage.py,tests.test_claims_audit_workflow_coverage,29,tooling,,,test coverage and fixtures,CLAIMS_AUDIT_WORKFLOW;REPO_ROOT;WORKFLOWS_DIR;test_claims_audit_no_longer_watches_the_deleted_root_source_tree;test_claims_audit_reacts_to_the_six_package_workspace;test_no_active_workflow_declares_a_trigger_path_under_the_deleted_root_tree,0,0,,,,,none,retain-tooling,high,Test module remains repository tooling for package extraction validation.,
tests/test_conftest_marker_assignment.py,tests.test_conftest_marker_assignment,62,tooling,,,test coverage and fixtures,CONFTEST_PATH;REPO_ROOT;SPEC;test_integration_tests_directory_is_recognized_as_integration;test_marker_assignment_only_adds_never_resets_markers;test_package_local_test_filenames_are_not_pre_tagged_integration_or_research;test_research_directory_files_are_recognized_as_research;test_video_action_set_prefix_files_are_research_not_integration,0,0,,,,,none,retain-tooling,high,Test module remains repository tooling for package extraction validation.,
tests/test_content_identity.py,tests.test_content_identity,61,tooling,,,test coverage and fixtures,test_array_content_digest_binds_dtype;test_prototype_identity_changes_on_mutation_row_and_scope;test_prototype_identity_is_stable_across_object_reconstruction_and_order;test_unresolved_identity_cannot_use_sha256_prefix,0,0,numpy,,,,identity/schema behavior,retain-tooling,high,Test module remains repository tooling for package extraction validation.,
tests/test_criticality_verification_example.py,tests.test_criticality_verification_example,65,tooling,,,test coverage and fixtures,test_counterexample_repair_and_verification_lineage;test_q_policy_preserves_actions_and_adds_diagnostics,0,0,,,,,none,retain-tooling,high,Test module remains repository tooling for package extraction validation.,
tests/test_developer_tooling_consistency.py,tests.test_developer_tooling_consistency,44,tooling,,,test coverage and fixtures,REPO_ROOT;SETTINGS_PATH;SPEC;test_vscode_analysis_paths_point_at_all_six_package_src_roots;test_vscode_settings_ends_with_a_newline;test_vscode_settings_is_valid_json;test_vscode_settings_uses_workspace_folder_variable;test_vscode_test_args_match_the_canonical_fast_suite_test_roots,0,0,,,,,none,retain-tooling,high,Test module remains repository tooling for package extraction validation.,
tests/test_example_and_research_bootstraps.py,tests.test_example_and_research_bootstraps,58,tooling,,,test coverage and fixtures,EXECUTABLE_EXAMPLES;REPO_ROOT;test_executable_example_bootstrap_does_not_crash;test_nested_research_benchmark_resolves_the_correct_repository_root;test_research_files_at_the_same_depth_also_use_parents_three,0,0,pytest,,,,none,retain-tooling,high,Test module remains repository tooling for package extraction validation.,
tests/test_fast_suite_completeness.py,tests.test_fast_suite_completeness,106,tooling,,,test coverage and fixtures,NINE_PACKAGE_TEST_ROOTS;REPO_ROOT;SCRIPT;SPEC;test_clean_run_propagates_pytests_return_code;test_collection_error_fails_the_command;test_every_nine_package_test_root_is_passed_to_pytest;test_integration_is_not_blanket_excluded_by_marker_expression;test_missing_summary_report_is_treated_as_a_failure;test_package_local_suite_cannot_silently_shrink;test_repository_wide_roots_are_also_included;test_research_is_excluded_by_marker_expression;test_slow_and_external_are_excluded_by_marker_expression;test_zero_collected_production_tests_fails_the_command,0,0,,,,,none,retain-tooling,high,Test module remains repository tooling for package extraction validation.,
tests/test_fast_suite_runtime_stability.py,tests.test_fast_suite_runtime_stability,33,tooling,,,test coverage and fixtures,REPO_ROOT;test_powershell_wrapper_test_is_marked_external;test_wheel_building_finalization_test_is_marked_slow,0,0,,,,,none,retain-tooling,high,Test module remains repository tooling for package extraction validation.,
tests/test_identity_documentation_consistency.py,tests.test_identity_documentation_consistency,48,tooling,,,test coverage and fixtures,REPO_ROOT;test_core_and_integration_docs_agree_on_the_core_golden_digest;test_core_validation_doc_matches_the_enforced_golden_digest;test_integration_validation_doc_matches_the_enforced_golden_digest,0,0,,,,,identity/schema behavior,retain-tooling,high,Test module remains repository tooling for package extraction validation.,
tests/test_installed_wheel_video_instrument.py,tests.test_installed_wheel_video_instrument,104,tooling,,,test coverage and fixtures,PRODUCTION_SOURCE_ROOTS;REPO_ROOT;test_installed_core_wheel_excludes_research_and_examples;test_production_packages_do_not_import_examples_tests_or_research,0,0,pytest,,,,none,retain-tooling,high,Test module remains repository tooling for package extraction validation.,
tests/test_package_boundaries.py,tests.test_package_boundaries,43,tooling,,,test coverage and fixtures,SCRIPT_PATH;SPEC;test_boundary_manifest_defines_all_nine_packages;test_old_root_initializer_is_absent;test_production_modules_are_discovered_from_package_roots,0,0,,,,,none,retain-tooling,high,Test module remains repository tooling for package extraction validation.,
tests/test_public_api_manifest.py,tests.test_public_api_manifest,146,tooling,,,test coverage and fixtures,MANIFEST_PATH;REPO_ROOT;SPEC;test_every_actual_all_symbol_appears_exactly_once;test_manifest_contains_all_nine_distributions;test_manifest_contains_more_than_six_rows;test_manifest_generation_is_byte_identical_across_runs;test_manifest_has_the_required_columns;test_manifest_is_not_a_placeholder;test_no_undeclared_export_appears;test_optional_packages_are_not_imported_through_another_packages_public_api,0,0,pytest,,,,none,retain-tooling,high,Test module remains repository tooling for package extraction validation.,
tests/test_pytest_marker_taxonomy.py,tests.test_pytest_marker_taxonomy,79,tooling,,,test coverage and fixtures,BUILTIN_MARKERS;CANONICAL_MARKERS;MARKER_USAGE_PATTERN;REPO_ROOT;SEARCH_ROOTS;test_conftest_does_not_duplicate_marker_registration;test_every_marker_used_anywhere_in_the_repository_is_registered;test_registered_markers_are_exactly_the_canonical_five_with_no_duplicates;test_research_marker_is_registered,0,0,,,,,none,retain-tooling,high,Test module remains repository tooling for package extraction validation.,
tests/test_quality_gate_coverage.py,tests.test_quality_gate_coverage,87,tooling,,,test coverage and fixtures,REPO_ROOT;SCRIPT;SIX_PACKAGE_SRC_ROOTS;SPEC;VISION_SRC_FILES;test_a_failing_stage_stops_the_gate;test_all_six_packages_are_covered_by_mypy;test_all_six_packages_are_covered_by_ruff_format_and_lint;test_integration_tests_are_covered_by_ruff;test_quality_gate_stages_run_in_the_required_order;test_sqlalchemy_is_covered_by_code_quality_limits;test_sqlalchemy_is_covered_by_mypy;test_sqlalchemy_is_covered_by_ruff_format_and_lint;test_sqlalchemy_src_is_in_root_mypy_path,0,0,,,,,none,retain-tooling,high,Test module remains repository tooling for package extraction validation.,
tests/test_release_package_metadata.py,tests.test_release_package_metadata,35,tooling,,,test coverage and fixtures,SCRIPT;SPEC;test_package_versions_and_dependency_graph_are_synchronized;test_release_manifest_lists_all_nine_distributions,0,0,,,,,none,retain-tooling,high,Test module remains repository tooling for package extraction validation.,
tests/test_release_report_test_layers.py,tests.test_release_report_test_layers,85,tooling,,,test coverage and fixtures,REPO_ROOT;SCRIPT;SPEC;test_pytest_count_parses_a_passed_summary_line;test_release_test_layer_report_distinguishes_every_required_layer,0,0,,,,,none,retain-tooling,high,Test module remains repository tooling for package extraction validation.,
tests/test_release_validator_venv_paths.py,tests.test_release_validator_venv_paths,76,tooling,,,test coverage and fixtures,SCRIPT;SPEC;test_is_beneath_accepts_a_posix_virtual_environment_import;test_is_beneath_accepts_a_virtual_environment_import;test_is_beneath_rejects_a_checkout_path;test_venv_python_defaults_to_the_running_platform;test_venv_python_resolves_posix_interpreter_path;test_venv_python_resolves_windows_interpreter_path,0,0,,,,,none,retain-tooling,high,Test module remains repository tooling for package extraction validation.,
tests/test_research_readiness_fixtures.py,tests.test_research_readiness_fixtures,79,tooling,,,test coverage and fixtures,FIXTURE_DIR;test_generic_jsonl_fixture_reaches_expected_progress;test_tensorboard_fixture_reaches_expected_progress;test_trackio_fixture_reaches_expected_progress;test_training_fixture_round_trips_and_renders;test_wandb_fixture_reaches_expected_progress,0,0,,,,,none,retain-tooling,high,Test module remains repository tooling for package extraction validation.,
tests/test_ruff_scope_claims.py,tests.test_ruff_scope_claims,85,tooling,,,test coverage and fixtures,REPO_ROOT;SPEC;test_governed_ruff_format_paths_pass;test_governed_ruff_lint_paths_pass;test_unscoped_ruff_still_has_known_pre_existing_findings,0,0,,,,,none,retain-tooling,high,Test module remains repository tooling for package extraction validation.,
tests/test_test_tier_commands_kernel.py,tests.test_test_tier_commands_kernel,55,tooling,,,test coverage and fixtures,REPO_ROOT;test_fast_runner_blocks_opt_in_test_tiers;test_integration_workflow_supplies_both_opt_in_flags_for_combined_marker;test_pytest_markers_keep_slow_distinct_from_integration;test_runbook_documents_exact_test_tier_commands_and_agent_boundary,0,0,,,,,none,retain-tooling,high,Test module remains repository tooling for package extraction validation.,
tests/test_video_action_set_benchmark.py,tests.test_video_action_set_benchmark,362,tooling,,,test coverage and fixtures,REPO_ROOT;_FAKE_PIXELS;_FAKE_PIXEL_DIGEST;_FAKE_PROVIDER_RAW_DIGEST;test_build_split_writes_overlap_and_observation_manifests;test_changing_derived_seed_without_declared_parent_is_rejected;test_changing_root_seed_material_changes_sealed_episode_identities;test_duplicate_episode_ids_are_rejected;test_final_plan_creation_does_not_render_score_or_access_final_observations;test_materialized_split_counts_and_final_freeze;test_measured_phase_access_and_final_plan_remain_zero_access;test_moving_episode_id_between_splits_is_rejected;test_seed_material_determines_episode_identity_and_trace,0,0,pytest;research,,,,none,retain-tooling,high,Test module remains repository tooling for package extraction validation.,
tests/test_video_action_set_claim_quarantine.py,tests.test_video_action_set_claim_quarantine,75,tooling,,,test coverage and fixtures,REPO_ROOT;RESULTS;test_claim_quarantine_status_files,0,0,,,,,none,retain-tooling,high,Test module remains repository tooling for package extraction validation.,
tests/test_video_action_set_family_reachability.py,tests.test_video_action_set_family_reachability,216,tooling,,,test coverage and fixtures,REPO_ROOT;test_ambiguous_reachability_never_uses_lexical_winner;test_conflicting_splice_rejects_same_action_and_records_contributions;test_critical_corruption_rejects_bad_coordinates_and_stale_digest;test_episode_family_registry_covers_all_declared_families;test_information_controls_are_byte_identical_and_denominator_excluded;test_reachability_composition_mutation_failure_codes;test_temporal_families_materialize_real_sequence_events;test_transformation_plan_tamper_is_rejected;test_valid_transformations_accept_bounds_and_regenerate_bytes,0,0,numpy;pytest;research,,,,none,retain-tooling,high,Test module remains repository tooling for package extraction validation.,
tests/test_video_action_set_family_semantics.py,tests.test_video_action_set_family_semantics,500,tooling,,,test coverage and fixtures,REPO_ROOT;test_action_unanimous_two_target_splice_is_rejected;test_bounded_transformed_valid_universe_closes_frame_invalid_outputs;test_changing_either_splice_source_changes_trace_identity;test_conflicting_splice_final_visible_targets_imply_distinct_actions;test_conflicting_splice_rejects_same_action_and_missing_or_overlapping_target_evidence;test_control_actual_provider_source_id_leak_is_rejected;test_control_provider_observation_descriptor_is_identical_across_group;test_episode_dispositions_and_final_observation_provenance_are_explicit;test_exact_frame_disposition_reconstruction_for_temporal_families;test_frame_invalid_validator_rejects_legacy_valid_state_collision;test_information_control_same_causal_tuple_with_distinct_ids_is_rejected;test_information_control_validator_rejects_hidden_label_collapse_and_visible_leak;test_information_controls_have_hidden_history_ambiguity_and_no_visible_leak;test_information_controls_use_real_convergent_causal_histories;test_laundered_stale_repeat_operation_removal_is_rejected;test_legacy_row_band_conflicting_splice_collided_with_canonical_universe;test_operation_chain_replays_every_materialized_family;test_repaired_conflicting_splice_selection_frames_do_not_decode_as_canonical_valid,0,0,numpy;pytest;research,,,,none,retain-tooling,high,Test module remains repository tooling for package extraction validation.,
tests/test_video_action_set_instrument.py,tests.test_video_action_set_instrument,178,tooling,,,test coverage and fixtures,REPO_ROOT;test_instrument_audits_and_verification;test_mutation_gate_detects_protected_field_changes,0,0,pytest;research,,,,none,retain-tooling,high,Test module remains repository tooling for package extraction validation.,
tests/test_video_action_set_reference_verification.py,tests.test_video_action_set_reference_verification,249,tooling,,,test coverage and fixtures,REPO_ROOT;reference_fixture;test_complete_adversarial_mutation_audit_executes_all_cases;test_mutation_audit_schema_declares_required_matrix;test_reference_verifier_read_only_and_deterministic;test_reference_verifier_schema_gates_and_counts;test_selected_adversarial_mutations_have_expected_primary_codes,0,0,pytest;research,,,,none,retain-tooling,high,Test module remains repository tooling for package extraction validation.,
tests/test_video_artifact_io_kernel.py,tests.test_video_artifact_io_kernel,61,tooling,,,test coverage and fixtures,test_empty_and_malformed_read_behavior_is_unchanged;test_json_jsonl_and_csv_bytes_match_pre_extraction_goldens,0,0,pytest,,,,identity/schema behavior,retain-tooling,high,Test module remains repository tooling for package extraction validation.,
tests/test_video_artifact_layout_kernel.py,tests.test_video_artifact_layout_kernel,60,tooling,,,test coverage and fixtures,test_canonical_artifact_layout_is_frozen;test_canonical_paths_are_a_registry_not_a_produced_manifest;test_reachability_tile_path_preserves_historical_layout,0,0,,,,,identity/schema behavior,retain-tooling,high,Test module remains repository tooling for package extraction validation.,
tests/test_video_build_orchestration_kernel.py,tests.test_video_build_orchestration_kernel,151,tooling,,,test coverage and fixtures,test_freeze_benchmark_preserves_compile_save_seal_write_order;test_profile_runtime_preserves_provider_and_write_order,0,0,research,,,,none,retain-tooling,high,Test module remains repository tooling for package extraction validation.,
tests/test_video_cli_kernel.py,tests.test_video_cli_kernel,221,tooling,,,test coverage and fixtures,REPO_ROOT;test_cli_accepts_progress_for_split_builds_only;test_cli_dispatches_each_historical_flag;test_cli_rejects_no_command_and_unknown_options;test_cli_rejects_progress_for_non_build_operations;test_cli_rejects_progress_without_explicit_operation;test_removed_root_benchmark_module_is_not_a_compatibility_surface;test_research_cli_module_exposes_operational_help;test_stage8_runbook_freezes_once_then_uses_direct_build_calls,0,0,pytest;research,,,,none,retain-tooling,high,Test module remains repository tooling for package extraction validation.,
tests/test_video_complete_row_evidence.py,tests.test_video_complete_row_evidence,242,tooling,,,test coverage and fixtures,test_complete_row_evidence_preserves_ties_without_semantic_uniqueness;test_complete_row_evidence_rejects_duplicate_rows;test_complete_row_evidence_rejects_foreign_digest;test_complete_row_evidence_requires_exactly_112_rows;test_quantize_similarity_frozen_values;test_quantize_similarity_rejects_non_finite;test_semantic_outcome_conflicting_action_tie_resolves_neither;test_semantic_outcome_constructor_rejects_duplicate_top_rows_and_foreign_digest;test_semantic_outcome_constructor_rejects_invalid_compatibility_fields;test_semantic_outcome_digest_changes_when_top_quantized_score_changes;test_semantic_outcome_digest_ignores_raw_score_changes_inside_quantized_bin;test_semantic_outcome_lexical_score_order_does_not_change_semantics;test_semantic_outcome_rejects_changed_top_row_action;test_semantic_outcome_renaming_tied_rows_preserves_semantic_class;test_semantic_outcome_same_action_tie_resolves_only_action;test_semantic_outcome_unique_top_row_resolves_row_and_action;test_v2_digest_separates_quantized_identity_from_raw_diagnostics,0,0,pytest;research,,,,none,retain-tooling,high,Test module remains repository tooling for package extraction validation.,
tests/test_video_control_history_planning.py,tests.test_video_control_history_planning,104,tooling,,,test coverage and fixtures,CONTROL_SOURCE_ROWS;FIRST_CANDIDATE;REPO_ROOT;SELECTED_HISTORY_IDS;test_benchmark_control_history_aliases_are_direct;test_control_history_enumeration_selection_and_reconstruction_are_frozen;test_transition_identity_and_causal_tuple_goldens,0,0,pytest;research,,,,none,retain-tooling,high,Test module remains repository tooling for package extraction validation.,
tests/test_video_discriminative_evidence.py,tests.test_video_discriminative_evidence,309,tooling,,,test coverage and fixtures,test_build_discriminative_masks_uses_conservative_zero_stability_without_development;test_discriminative_candidate_set_requires_exact_row_only_for_exact_outcome;test_discriminative_mask_digest_is_order_independent;test_discriminative_mask_rejects_invalid_shape;test_discriminative_provider_contract_binds_calibration_and_digests;test_discriminative_provider_contract_rejects_digest_mismatch;test_discriminative_region_digest_is_deterministic;test_discriminative_region_digest_rejects_duplicates;test_extract_candidate_region_evidence_tracks_support_and_conflicting_contradiction;test_region_discriminative_evidence_requires_bounded_fractions;test_register_informative_translation_prefers_higher_available_mass_under_distance_tie,0,0,numpy;pytest;research,,,,none,retain-tooling,high,Test module remains repository tooling for package extraction validation.,
tests/test_video_discriminative_joint_evidence.py,tests.test_video_discriminative_joint_evidence,80,tooling,,,test coverage and fixtures,test_candidate_fit_mask_drops_v2_zeroing_rule;test_pairwise_masks_are_symmetric_and_nonnegative,0,0,numpy;research,,,,none,retain-tooling,high,Test module remains repository tooling for package extraction validation.,
tests/test_video_discriminative_joint_provider.py,tests.test_video_discriminative_joint_provider,102,tooling,,,test coverage and fixtures,test_exact_tie_safety_rejects_equal_strength_rows;test_provider_ordering_is_deterministic,0,0,numpy;research,,,,none,retain-tooling,high,Test module remains repository tooling for package extraction validation.,
tests/test_video_discriminative_provider.py,tests.test_video_discriminative_provider,203,tooling,,,test coverage and fixtures,test_v4_cache_identity_separates_identical_pixels_across_source_ids;test_v4_conflicting_action_ambiguity_produces_candidate_set_not_exact;test_v4_exact_accepts_tiny_region_pattern_without_stage2_global_visibility_veto;test_v4_oversized_candidate_set_is_rejected_without_truncation;test_v4_same_action_ambiguity_produces_candidate_set_not_exact,0,0,numpy;research,,,,none,retain-tooling,high,Test module remains repository tooling for package extraction validation.,
tests/test_video_episode_family_kernel.py,tests.test_video_episode_family_kernel,201,tooling,,,test coverage and fixtures,EXPECTED_FAMILY_IDS;EXPECTED_FAMILY_VERSIONS;EXPECTED_REGISTRY_DIGEST;test_episode_family_registry_is_frozen_and_fresh;test_expected_frame_disposition_temporal_closure;test_family_contract_lookup_returns_copies;test_family_schedule_and_disposition_contracts_are_frozen;test_legacy_benchmark_exposes_direct_family_aliases_and_contracts,0,0,pytest;research,,,,none,retain-tooling,high,Test module remains repository tooling for package extraction validation.,
tests/test_video_episode_materialization.py,tests.test_video_episode_materialization,252,tooling,,,test coverage and fixtures,EXPECTED_MATERIALIZED;REPO_ROOT;test_episode_materialization_aliases_are_direct_and_records_wrapper_stays_local;test_frame_invalid_splice_requires_secondary_frame;test_low_level_materialize_plan_still_executes_representative_final_plan;test_materialize_plan_collection_preserves_plan_and_frame_order;test_representative_episode_materialization_outputs_are_frozen;test_temporal_negative_error_order_is_frozen,0,0,pytest;research,,,,none,retain-tooling,high,Test module remains repository tooling for package extraction validation.,
tests/test_video_episode_plan_rmdto.py,tests.test_video_episode_plan_rmdto,488,tooling,,,test coverage and fixtures,REPO_ROOT;plan_dto;sample_identity;sample_plan_payload;test_canonical_json_contract;test_core_runtime_import_remains_sqlalchemy_free;test_episode_plan_rejects_digest_and_structural_tampering;test_episode_plan_round_trip_hashing_and_nested_immutability;test_in_memory_store_plan_and_sealed_semantics;test_legacy_private_generator_returns_episode_plan_dto_payload;test_runtime_facade_delegates_with_one_shared_store;test_sealed_split_plan_construction_validation_and_round_trip,0,0,pytest;research,,,,identity/schema behavior,retain-tooling,high,Test module remains repository tooling for package extraction validation.,
tests/test_video_episode_plan_sql_store.py,tests.test_video_episode_plan_sql_store,253,tooling,,,test coverage and fixtures,build_store;sql_identity;test_sql_batch_rollback_ordering_and_filters;test_sql_plan_identity_ownership_and_canonical_round_trip;test_sql_plan_persists_unsigned_episode_seed;test_sql_plan_retrieval_across_sessions_idempotence_and_conflict;test_sql_schema_creation_registers_episode_plan_tables;test_sql_sealed_digest_validation_rejects_corrupted_envelope;test_sql_sealed_envelope_reconstructs_from_episode_rows;test_sqlite_foreign_keys_are_enabled_and_reject_orphan_plan;test_sqlite_runtime_composes_episode_plan_store;unsigned_seed_identity,0,0,pytest;sqlalchemy;test_video_episode_plan_rmdto,,,,identity/schema behavior,retain-tooling,high,Test module remains repository tooling for package extraction validation.,
tests/test_video_episode_planning_kernel.py,tests.test_video_episode_planning_kernel,196,tooling,,,test coverage and fixtures,EXPECTED_SPLIT_SUMMARIES;REPO_ROOT;test_benchmark_episode_planning_aliases_are_direct;test_derived_seed_and_representative_episode_plan_are_frozen;test_episode_plan_validation_rejects_lineage_and_identity_tampering;test_split_episode_plan_collections_match_pre_extraction_goldens,0,0,pytest;research,,,,none,retain-tooling,high,Test module remains repository tooling for package extraction validation.,
tests/test_video_evidence_audit_kernel.py,tests.test_video_evidence_audit_kernel,138,tooling,,,test coverage and fixtures,test_access_prohibition_finding_order_is_frozen;test_identity_and_overlap_payloads_preserve_split_order;test_malformed_evidence_counts_are_not_repaired;test_phase_access_counts_are_built_from_loaded_payloads,0,0,research,,,,none,retain-tooling,high,Test module remains repository tooling for package extraction validation.,
tests/test_video_family_intervention_planning.py,tests.test_video_family_intervention_planning,239,tooling,,,test coverage and fixtures,FAMILY_INTERVENTION_CASES;REPO_ROOT;test_benchmark_family_intervention_aliases_are_direct;test_family_intervention_plans_match_pre_extraction_goldens;test_source_row_selection_helpers_are_frozen,0,0,research,,,,none,retain-tooling,high,Test module remains repository tooling for package extraction validation.,
tests/test_video_family_provenance_kernel.py,tests.test_video_family_provenance_kernel,598,tooling,,,test coverage and fixtures,CRITICAL_DIGEST;EXACT_PARAMS;PRIMARY_DIGEST;PRIMARY_ROW;ROW_ACTIONS;SECONDARY_DIGEST;SECONDARY_ROW;SPLICE_DIGEST;THIRD_DIGEST;THIRD_ROW;test_conflicting_splice_validation_messages_and_precedence;test_critical_corruption_preserves_forged_manifest_identity;test_family_operation_chains_are_frozen;test_family_validation_preserves_non_mapping_metadata_failure;test_family_validation_status_precedence_is_frozen;test_family_validation_statuses_and_closure_digest_are_frozen;test_frame_geometry_manifests_and_visible_evidence_are_frozen;test_legacy_benchmark_exposes_direct_family_kernel_aliases;test_replay_core_uses_real_extracted_family_executors;test_splice_and_critical_intervention_outputs_are_frozen,0,0,numpy;pytest;research,,,,none,retain-tooling,high,Test module remains repository tooling for package extraction validation.,
tests/test_video_final_access_kernel.py,tests.test_video_final_access_kernel,595,tooling,,,test coverage and fixtures,REPO_ROOT;test_authorized_final_observation_uses_service_path_only;test_cli_preflight_is_read_only_in_memory_validation;test_cli_rejects_force_like_options;test_controlled_completion_binds_evaluation_claims_and_report;test_decimal_aggregate_threshold_equality_remains_inclusive;test_evaluator_is_isolated_from_hostile_global_decimal_contexts;test_evaluator_is_order_independent_and_digest_bearing;test_evaluator_rejects_unsupported_decision_rule_shapes;test_fabricated_or_unbound_evaluation_cannot_create_claims;test_final_authorization_state_machine_and_digest_chain;test_nonapproved_protocol_cannot_enter_completion;test_pass_fail_and_indeterminate_are_deterministic;test_protocol_reloaded_at_evaluation_must_still_be_approved;test_reconciler_interrupts_only_after_process_is_gone,0,0,pytest;test_video_episode_plan_rmdto;test_video_observation_rmdto;video_final_test_support,,,,none,retain-tooling,high,Test module remains repository tooling for package extraction validation.,
tests/test_video_final_access_transactions.py,tests.test_video_final_access_transactions,273,tooling,,,test coverage and fixtures,test_completion_versus_interruption_has_one_winner;test_every_event_chain_mutation_blocks_terminal_transition;test_running_versus_failure_has_one_winner;test_two_stale_reservations_have_one_winner;test_two_stale_running_transitions_have_one_winner;test_two_terminal_transitions_have_one_winner,0,0,pytest;video_final_test_support,,,,none,retain-tooling,high,Test module remains repository tooling for package extraction validation.,
tests/test_video_final_historical_authority.py,tests.test_video_final_historical_authority,240,tooling,,,test coverage and fixtures,test_authorization_manifest_digest_must_match_actual_manifest;test_historical_authority_recomputes_file_and_manifest_digests;test_historical_database_must_be_an_existing_regular_file;test_historical_file_change_after_authorization_fails_before_reservation;test_historical_file_change_after_reservation_marks_execution_failed;test_incorrect_declared_database_hash_fails_closed;test_preflight_verifies_hash_without_database_or_reservation;test_receipt_binds_only_computed_historical_values;test_symlinked_historical_file_fails_when_supported;test_symlinked_historical_parent_fails_when_supported,0,0,pytest;video_final_test_support,,,,none,retain-tooling,high,Test module remains repository tooling for package extraction validation.,
tests/test_video_final_publication.py,tests.test_video_final_publication,385,tooling,,,test coverage and fixtures,InjectedFailure;test_authorized_episode_and_frame_counts_must_match_before_staging;test_authorized_episode_identities_must_match_before_staging;test_completed_valid_and_invalid_receipts_have_distinct_statuses;test_duplicate_artifact_names_and_path_traversal_ids_are_rejected;test_invalid_windows_artifact_path_forms_remain_rejected;test_missing_or_unexpected_artifact_files_are_rejected;test_noncompleted_states_without_receipts_are_not_publishable;test_preexisting_staging_and_canonical_paths_fail_closed;test_receipt_last_failure_boundaries;test_similar_nonreserved_artifact_names_are_allowed;test_staging_tamper_between_validation_and_promotion_is_rejected;test_symlinked_canonical_output_is_rejected_when_supported;test_windows_reserved_artifact_names_are_rejected,0,0,pytest;video_final_test_support,,,,none,retain-tooling,high,Test module remains repository tooling for package extraction validation.,
tests/test_video_final_schema_and_scripts.py,tests.test_video_final_schema_and_scripts,265,tooling,,,test coverage and fixtures,REPO_ROOT;test_admin_cli_accepts_unicode_and_spaced_database_paths;test_database_without_final_tables_fails_closed;test_final_tables_without_observation_owner_column_fail_closed;test_fresh_finalization_authority_is_reopenable;test_operator_scripts_pass_hostile_access_ids_only_as_data;test_partially_upgraded_and_wrong_version_databases_fail_closed;test_prefinal_stage8_database_is_not_adopted;test_synthetic_completion_uses_dedicated_sqlite_authority,0,0,pytest;video_final_test_support,,,,identity/schema behavior,retain-tooling,high,Test module remains repository tooling for package extraction validation.,
tests/test_video_identity_rmdto.py,tests.test_video_identity_rmdto,172,tooling,,,test coverage and fixtures,REPO_ROOT;SEED_DIGEST;SEED_MATERIAL;sample_identity;test_benchmark_identity_dto_is_frozen_hashable_and_serializes_exactly;test_benchmark_identity_rejects_invalid_seed_digest;test_core_import_does_not_import_sqlalchemy;test_in_memory_store_save_retrieve_idempotence_and_conflict;test_legacy_benchmark_identity_alias_still_constructs_dto;test_legacy_load_identity_matches_runtime_result;test_runtime_facade_loads_and_saves_identity_with_supplied_store;test_runtime_uses_in_memory_store_by_default,0,0,pytest;research,,,,identity/schema behavior,retain-tooling,high,Test module remains repository tooling for package extraction validation.,
tests/test_video_identity_sql_store.py,tests.test_video_identity_sql_store,110,tooling,,,test coverage and fixtures,REPO_ROOT;SEED_DIGEST;SEED_MATERIAL;build_store;sample_identity;test_sql_store_idempotence_conflict_and_dto_return_type;test_sql_store_requires_explicit_schema_creation;test_sql_store_save_and_retrieve_through_separate_sessions;test_sqlite_runtime_composes_persistent_identity_store;test_sqlite_runtime_does_not_create_schema_implicitly,0,0,pytest;sqlalchemy,,,,identity/schema behavior,retain-tooling,high,Test module remains repository tooling for package extraction validation.,
tests/test_video_joint_candidate_cache_kernel.py,tests.test_video_joint_candidate_cache_kernel,516,tooling,,,test coverage and fixtures,ACTIONS;ARCHITECTURES;POLICY_ARTIFACT_ID;SOURCE_SCOPE;reset_candidate_caches;test_architecture_candidate_and_score_parity_across_cache_states;test_base_candidate_cache_capacity_and_eviction_are_deterministic;test_base_candidate_cache_hits_move_to_mru_and_info_is_snapshot;test_base_candidate_cache_identity_includes_prototype_metadata;test_base_candidate_cache_identity_includes_region_specs;test_base_candidate_cache_starts_clean_for_each_test;test_base_candidate_cache_values_are_immutable_and_materialization_is_pure;test_cached_uncached_and_reference_optimized_provider_vectors_are_identical;test_rescoring_after_eviction_is_byte_identical,0,0,numpy;pytest;research,,,,none,retain-tooling,high,Test module remains repository tooling for package extraction validation.,
tests/test_video_materialization_kernels.py,tests.test_video_materialization_kernels,175,tooling,,,test coverage and fixtures,EXPECTED_RECORD_KEYS;REPO_ROOT;test_apply_frame_plan_digest_and_trace_are_frozen;test_frame_descriptor_preserves_top_level_record_contract;test_frame_descriptor_signature_and_binding_contract_are_preserved;test_frame_plan_digest_mismatch_is_rejected_before_executor;test_materialization_kernel_aliases_are_direct,0,0,pytest;research,,,,none,retain-tooling,high,Test module remains repository tooling for package extraction validation.,
tests/test_video_materialization_reachability.py,tests.test_video_materialization_reachability,159,tooling,,,test coverage and fixtures,REPO_ROOT;test_foreign_reachability_identity_precedes_missing_edge;test_missing_reachability_edge_is_rejected_after_identity_validation;test_reachability_aliases_are_direct;test_reachability_rejects_foreign_tile_identity;test_reachability_tile_identity_and_next_row_trace_are_frozen;test_unadmitted_authoritative_destination_is_rejected_with_valid_tile_digest,0,0,pytest;research,,,,none,retain-tooling,high,Test module remains repository tooling for package extraction validation.,
tests/test_video_materialization_validation.py,tests.test_video_materialization_validation,249,tooling,,,test coverage and fixtures,REPO_ROOT;test_control_validation_status_precedence_is_frozen;test_family_closure_exception_boundary_is_frozen;test_family_closure_report_subset_payload_is_frozen;test_materialization_validation_aliases_are_direct,0,0,pytest;research,,,,none,retain-tooling,high,Test module remains repository tooling for package extraction validation.,
tests/test_video_mutation_audit_kernel.py,tests.test_video_mutation_audit_kernel,282,tooling,,,test coverage and fixtures,test_duplicate_effects_property_absence_and_isolation_failure_fail_audit;test_mutation_application_error_and_wrong_detector_are_not_success;test_mutation_audit_baseline_failure_remains_unavailable;test_mutation_case_expected_detector_precedence_is_frozen;test_mutation_isolation_is_structural_and_read_only;test_mutation_registry_identity_and_legacy_aliases_are_frozen;test_repeated_mutation_audit_detects_nondeterminism;test_semantic_invariant_success_and_failure_are_distinct,0,0,research,,,,none,retain-tooling,high,Test module remains repository tooling for package extraction validation.,
tests/test_video_mutation_filesystem_kernel.py,tests.test_video_mutation_filesystem_kernel,55,tooling,,,test coverage and fixtures,test_directory_snapshot_is_ordered_and_content_addressed;test_mutation_application_changes_only_copied_case,0,0,pytest;research,,,,none,retain-tooling,high,Test module remains repository tooling for package extraction validation.,
tests/test_video_mutation_matrix_kernel.py,tests.test_video_mutation_matrix_kernel,260,tooling,,,test coverage and fixtures,test_failed_audit_accepts_accurately_represented_wrong_detector;test_mutation_catalogue_schema_and_counts_are_frozen;test_mutation_matrix_does_not_modify_audit_input;test_mutation_matrix_preserves_wrong_and_multiple_detectors;test_mutation_matrix_rejects_duplicate_unknown_and_missing_results;test_mutation_matrix_rejects_internally_contradictory_results;test_mutation_matrix_rejects_malformed_result_and_ambiguous_id;test_mutation_matrix_rejects_unavailable_baselines;test_mutation_matrix_uses_registry_order_without_reexecution,0,0,pytest;research,,,,none,retain-tooling,high,Test module remains repository tooling for package extraction validation.,
tests/test_video_mutation_orchestration_kernel.py,tests.test_video_mutation_orchestration_kernel,65,tooling,,,test coverage and fixtures,CASE;test_application_error_uses_historical_broad_boundary;test_baseline_failure_short_circuits_mutation_execution,0,0,research,,,,none,retain-tooling,high,Test module remains repository tooling for package extraction validation.,
tests/test_video_observation_provenance_kernel.py,tests.test_video_observation_provenance_kernel,792,tooling,,,test coverage and fixtures,EXACT_PARAMS;EXPECTED_EXACT_CHAIN;EXPECTED_GAP_CHAIN;EXPECTED_TRANSFORMED_CHAIN;FAKE_DIGEST;GAP_EVENT;OTHER_FAKE_DIGEST;OTHER_ROW_ID;ROW_ID;SOURCE_DIGEST;THIRD_ROW_ID;TRANSFORMED_DIGEST;TRANSFORMED_PARAMS;test_benchmark_retains_direct_aliases_and_dto_backed_adapters;test_conflicting_splice_replay_uses_injected_executor;test_critical_corruption_replay_uses_injected_executor;test_gap_event_operation_chain_is_frozen_and_uses_contract_constant;test_legacy_wrappers_delegate_to_core_and_real_family_executors;test_provider_identical_control_passes_through_pixels;test_replacement_operations_require_only_second_input_digest;test_replay_rejects_emit_digest_mismatch;test_replay_rejects_render_and_transformation_digest_mismatches;test_replay_rejects_unsupported_and_emit_mismatches;test_typed_gap_replay_emits_no_pixels;test_valid_frame_operation_chains_are_frozen;test_valid_frame_replay_reconstructs_pixels_and_state;test_validate_observation_operation_chain_record_contract;test_validate_observation_pixels_are_normalized_to_uint8_contiguous,0,0,numpy;pytest;research,,,,none,retain-tooling,high,Test module remains repository tooling for package extraction validation.,
tests/test_video_observation_rmdto.py,tests.test_video_observation_rmdto,517,tooling,,,test coverage and fixtures,REPO_ROOT;assert_records_equivalent;sample_gap_record;sample_record;test_core_import_remains_sqlalchemy_free;test_in_memory_store_observation_ownership_atomicity_and_queries;test_legacy_frame_descriptor_round_trips_through_runtime;test_materialized_observation_record_round_trip_and_identity_separation;test_matrix_blob_save_idempotence_and_conflict;test_operation_chain_round_trip_typed_gap_and_tamper_rejection;test_operation_dto_round_trip_hashing_and_tamper_rejection;test_provider_descriptor_round_trip_and_validation;test_runtime_facade_observation_methods_share_one_store;test_typed_gap_and_observation_validation,0,0,numpy;pytest;research;test_video_episode_plan_rmdto,,,,identity/schema behavior,retain-tooling,high,Test module remains repository tooling for package extraction validation.,
tests/test_video_observation_sql_store.py,tests.test_video_observation_sql_store,530,tooling,,,test coverage and fixtures,build_store;test_observation_store_query_parity_between_memory_and_sql;test_sql_final_split_observation_materialization_remains_prohibited;test_sql_materialized_batch_loader_uses_set_based_queries;test_sql_observation_batch_rollback_leaves_no_orphan_rows;test_sql_observation_duplicate_same_batch_is_idempotent;test_sql_observation_multi_operation_ordering_and_inputs_round_trip;test_sql_observation_round_trip_dedupes_blob_and_reconstructs_rows;test_sql_observation_sequence_uniqueness_is_preflighted;test_sql_read_rejects_tampered_matrix_blob_length;test_sql_read_rejects_tampered_observation_chain_digest;test_sql_read_rejects_tampered_observation_plan_ownership;test_sql_read_rejects_tampered_operation_chain_count_and_digest;test_sql_schema_creation_registers_observation_tables;test_sqlite_foreign_keys_reject_orphan_observation_operation;test_sqlite_runtime_composes_observation_store,0,0,pytest;sqlalchemy;test_video_episode_plan_rmdto;test_video_episode_plan_sql_store;test_video_observation_rmdto,,,,identity/schema behavior,retain-tooling,high,Test module remains repository tooling for package extraction validation.,
tests/test_video_observation_universe_kernel.py,tests.test_video_observation_universe_kernel,566,tooling,,,test coverage and fixtures,CANONICAL_UNIVERSE_DIGEST;CUSTOM_CONFIG;CUSTOM_CONFIG_DIGEST;CUSTOM_CONFIG_PAYLOAD;CUSTOM_RENDERER_DIGEST;DEFAULT_CONFIG_DIGEST;DEFAULT_CONFIG_PAYLOAD;DEFAULT_RENDERER_IDENTITY;FIRST_PARAMETER;LAST_PARAMETER;NON_OCCLUDED_PARAMETER;ROW_FRAME_DIGESTS;SELECTED_CANONICAL_ROWS;SELECTED_PROTOTYPES;test_canonical_collision_lookup_normalizes_and_returns_copies;test_canonical_observation_universe_is_frozen;test_canonical_prototypes_are_frozen;test_canonical_universe_preserves_default_call_semantics;test_legacy_benchmark_facade_exposes_moved_universe_symbols;test_parameter_key_includes_only_declared_fields;test_render_row_frame_bytes_are_frozen;test_renderer_identity_is_frozen_and_config_bound;test_shooter_config_payload_is_frozen;test_transformed_index_mechanics_with_bounded_fixture;test_valid_transformation_parameter_universe_is_frozen;test_valid_universe_assembly_replaces_inherited_digest,0,0,numpy;pytest;research,,,,none,retain-tooling,high,Test module remains repository tooling for package extraction validation.,
tests/test_video_prospective_providers.py,tests.test_video_prospective_providers,97,tooling,,,test coverage and fixtures,test_prospective_provider_caches_are_bounded_and_clearable;test_prospective_providers_emit_complete_112_row_evidence;test_reversing_prototype_insertion_order_preserves_semantic_outcome,0,0,pytest;research,,,,none,retain-tooling,high,Test module remains repository tooling for package extraction validation.,
tests/test_video_prospective_runtime_equivalence.py,tests.test_video_prospective_runtime_equivalence,26,tooling,,,test coverage and fixtures,REPO_ROOT;test_provider_runtime_equivalence_and_profiles,0,0,pytest;research,,,,none,retain-tooling,high,Test module remains repository tooling for package extraction validation.,
tests/test_video_provider_observation_boundary.py,tests.test_video_provider_observation_boundary,169,tooling,,,test coverage and fixtures,REPO_ROOT;test_control_provider_source_id_requires_control_group;test_information_control_provider_boundary_is_group_visible_only;test_provider_boundary_aliases_are_direct;test_provider_observation_descriptor_and_digest_are_frozen;test_refresh_provider_metadata_replaces_stale_values_and_clears_gap_values;test_stored_provider_descriptor_requires_raw_digest_and_shape,0,0,pytest;research,,,,none,retain-tooling,high,Test module remains repository tooling for package extraction validation.,
tests/test_video_public_imports.py,tests.test_video_public_imports,33,tooling,,,test coverage and fixtures,test_video_api_is_exported_from_package_surface,0,0,,,,,none,retain-tooling,high,Test module remains repository tooling for package extraction validation.,
tests/test_video_reachability_composition_kernel.py,tests.test_video_reachability_composition_kernel,366,tooling,,,test coverage and fixtures,REPO_ROOT;TRACE_KEYS;reachability_context;test_malformed_composition_order_and_gap_state;test_reachability_aliases_are_direct;test_trace_validation_status_precedence_is_frozen;test_trace_variants_and_digests_are_frozen,0,0,pytest;research,,,,none,retain-tooling,high,Test module remains repository tooling for package extraction validation.,
tests/test_video_reference_verification_kernel.py,tests.test_video_reference_verification_kernel,381,tooling,,,test coverage and fixtures,complete_row_fixture;test_action_unanimous_and_conflicting_ties_are_reconstructed;test_complete_row_mismatch_order_and_primary_precedence_are_frozen;test_malformed_evidence_boundaries_and_unrelated_exceptions_escape;test_malformed_reference_evidence_is_read_only;test_provider_equivalence_kernel_preserves_provider_order;test_read_only_payload_detects_nested_snapshot_change;test_reference_failure_precedence_and_key_order_are_frozen;test_reference_legacy_helpers_are_direct_aliases;test_valid_complete_row_reconstruction_has_frozen_identities,0,0,pytest;research,,,,none,retain-tooling,high,Test module remains repository tooling for package extraction validation.,
tests/test_video_report_rendering_kernel.py,tests.test_video_report_rendering_kernel,39,tooling,,,test coverage and fixtures,PROFILES;test_report_renderer_has_no_filesystem_or_scientific_imports;test_runtime_reports_match_complete_pre_extraction_text;test_static_reports_match_complete_pre_extraction_text,0,0,,,,,none,retain-tooling,high,Test module remains repository tooling for package extraction validation.,
tests/test_video_runtime_profiling_kernel.py,tests.test_video_runtime_profiling_kernel,282,tooling,,,test coverage and fixtures,REPO_ROOT;test_profile_provider_timing_boundary_and_dispatch;test_profiling_records_remains_materialization_wrapper;test_runtime_profile_payload_is_frozen;test_runtime_profiling_aliases_and_benchmark_wrappers;test_select_profiling_records_preserves_category_order_and_limits,0,0,pytest;research,,,,none,retain-tooling,high,Test module remains repository tooling for package extraction validation.,
tests/test_video_source.py,tests.test_video_source,134,tooling,,,test coverage and fixtures,test_duplicate_frame_ids_are_rejected;test_duplicate_timestamps_are_explicit_and_permitted;test_frame_indices_and_decoding_order_must_be_contiguous;test_frame_shape_changes_are_rejected;test_lossless_frame_source_owns_memory_and_has_stable_identity;test_negative_and_non_finite_timestamps_are_rejected;test_owned_frame_pixels_cannot_be_mutated_by_callers,0,0,numpy;pytest,,,,none,retain-tooling,high,Test module remains repository tooling for package extraction validation.,
tests/test_video_transformation_kernel.py,tests.test_video_transformation_kernel,455,tooling,,,test coverage and fixtures,EXPECTED_CONTRACT_DIGEST;EXPECTED_PARAMETERS;EXPECTED_TRANSFORMATION_CONTRACT;OUTPUT_GOLDENS;SOURCE_DIGEST;test_legacy_benchmark_facade_exposes_moved_symbols;test_materialized_observation_normalizes_record_pixels_to_uint8;test_materialized_observation_uses_historical_pixel_digest;test_pixel_digest_uses_contiguous_c_order_bytes_for_views;test_transformation_contract_payload_is_frozen;test_transformation_output_bytes_and_trace_are_frozen;test_transformation_parameters_are_frozen_for_fixed_seed;test_transformation_validation_rejects_occlusion_and_digest;test_transformation_validation_rejects_scalar_bounds,0,0,numpy;pytest;research;test_video_observation_rmdto,,,,identity/schema behavior,retain-tooling,high,Test module remains repository tooling for package extraction validation.,
tests/test_video_verification_orchestration_kernel.py,tests.test_video_verification_orchestration_kernel,69,tooling,,,test coverage and fixtures,test_reference_verification_preserves_gate_order;test_stop_after_first_failure_short_circuits_later_gates,0,0,research,,,,none,retain-tooling,high,Test module remains repository tooling for package extraction validation.,
tests/test_visual_analysis.py,tests.test_visual_analysis,139,tooling,,,test coverage and fixtures,test_analysis_marks_curves_as_exploratory;test_global_threshold_curve_separates_ranking_from_thresholding_and_excludes_controls;test_paired_top1_counts_off_diagonal_outcomes;test_trace_point_contract_uses_canonical_dispositions,0,0,research,,,,none,retain-tooling,high,Test module remains repository tooling for package extraction validation.,
tests/test_visual_benchmark.py,tests.test_visual_benchmark,219,tooling,,,test coverage and fixtures,test_accepted_precision_interval_is_null_when_no_benign_observations_are_accepted;test_benchmark_metrics_reject_inconsistent_counts;test_benchmark_report_records_explicit_benign_and_top1_metrics;test_benchmark_slots_include_mandatory_conventional_baselines;test_manifest_enforces_family_holdout_and_round_trips;test_manifest_rejects_family_leakage;test_manifest_requires_equal_row_coverage_across_core_splits;test_wilson_interval_is_bounded_and_handles_empty_denominator,0,0,pytest;research,,,,none,retain-tooling,high,Test module remains repository tooling for package extraction validation.,
tests/test_visual_encoder.py,tests.test_visual_encoder,81,tooling,,,test coverage and fixtures,test_encoder_manifest_is_identity_bearing_and_round_trips;test_encoder_manifest_rejects_tamper_and_invalid_dimension;test_square_letterbox_preserves_every_source_pixel_without_aliasing;test_square_letterbox_rejects_crop_and_invalid_rgb_contract,0,0,numpy;pytest;research,,,,none,retain-tooling,high,Test module remains repository tooling for package extraction validation.,
tests/test_visual_evidence_impact.py,tests.test_visual_evidence_impact,70,tooling,,,test coverage and fixtures,CLAIMS_AUDIT_PATH;EXEMPTION_PATH;test_guard_accepts_claims_audit_change;test_guard_accepts_machine_readable_exemption;test_guard_accepts_research_protocol_change;test_guard_accepts_results_evidence_change;test_guard_passes_when_no_guarded_files_change;test_guard_requires_evidence_change_for_guarded_files,0,0,,,,,none,retain-tooling,high,Test module remains repository tooling for package extraction validation.,
tests/test_visual_local_baseline_result_records.py,tests.test_visual_local_baseline_result_records,101,tooling,,,test coverage and fixtures,test_result_records_reconstruct_metrics_and_verify_bundle,0,0,pytest,,,,none,retain-tooling,high,Test module remains repository tooling for package extraction validation.,
tests/test_visual_local_baselines.py,tests.test_visual_local_baselines,101,tooling,,,test coverage and fixtures,test_registered_pixel_provider_emits_registration_trace_and_raw_top1_when_rejected;test_registered_pixel_selection_excludes_final_evaluation_ids,0,0,pytest;research,,,,none,retain-tooling,high,Test module remains repository tooling for package extraction validation.,
tests/test_visual_precomputed.py,tests.test_visual_precomputed,68,tooling,,,test coverage and fixtures,test_precomputed_provider_rejects_missing_or_inconsistent_vectors;test_precomputed_provider_reuses_digest_bound_representation,0,0,numpy;pytest;research,,,,none,retain-tooling,high,Test module remains repository tooling for package extraction validation.,
tests/test_visual_registered_calibration_v2.py,tests.test_visual_registered_calibration_v2,126,tooling,,,test coverage and fixtures,test_registered_pixel_raw_tie_break_ignores_registered_metadata;test_registered_pixel_v2_generates_full_independent_grid_and_excludes_final_ids;test_registered_pixel_v2_selection_uses_declared_strictness_directions,0,0,pytest;research,,,,none,retain-tooling,high,Test module remains repository tooling for package extraction validation.,
tests/test_visual_registration.py,tests.test_visual_registration,137,tooling,,,test coverage and fixtures,test_config_digest_is_stable;test_constant_value_images_stay_finite;test_deterministic_displacement_tie_break_prefers_smallest_manhattan;test_input_arrays_remain_immutable_to_caller;test_integer_translation_recovery;test_minimum_overlap_constraint_keeps_overlap_fraction_explicit;test_no_wraparound_from_left_edge;test_shape_mismatch_is_rejected;test_shift_outside_configured_range_does_not_recover_exact_displacement;test_stage2_registration_keeps_tiny_region_overlap_pathology_unchanged;test_zero_displacement_round_trips,0,0,numpy;pytest;research,,,,none,retain-tooling,high,Test module remains repository tooling for package extraction validation.,
tests/test_visual_result_records.py,tests.test_visual_result_records,65,tooling,,,test coverage and fixtures,test_phase_one_recovery_manifest_matches_attached_files;test_system_b_adjudication_writes_run_manifest_and_row_confusion_atlas,0,0,pytest,,,,none,retain-tooling,high,Test module remains repository tooling for package extraction validation.,
tests/test_visual_retrieval.py,tests.test_visual_retrieval,190,tooling,,,test coverage and fixtures,CALIBRATION;CALIBRATION_ACTIONS;CALIBRATION_IDS;CALIBRATION_ROWS;PROTOTYPES;PROTOTYPE_ACTIONS;PROTOTYPE_IDS;PROTOTYPE_ROWS;test_all_example_build_keeps_multiple_prototypes_per_row;test_linear_probe_fits_rows_and_rejects_midpoint;test_medoid_build_stores_one_prototype_per_policy_row;test_no_conflicting_action_skips_margin_and_omits_second_candidate;test_vector_build_requires_independent_row_coverage;test_vector_index_accepts_known_direction_and_rejects_midpoint,0,0,numpy;pytest;research,,,,none,retain-tooling,high,Test module remains repository tooling for package extraction validation.,
tests/test_workspace_ci_invariants.py,tests.test_workspace_ci_invariants,107,tooling,,,test coverage and fixtures,FORBIDDEN_ROOT_INSTALL_PATTERNS;REPO_ROOT;WORKFLOWS_DIR;test_check_package_boundaries_has_a_python_3_10_toml_fallback;test_no_active_workflow_invokes_root_editable_or_root_build;test_package_integration_workflow_installs_from_requirements_dev;test_package_integration_workflow_trigger_paths_cover_tests_and_requirements_dev;test_publish_testpypi_workflow_does_not_claim_to_publish;test_python_workflow_trigger_paths_cover_packages_and_requirements_dev;test_requirements_dev_installs_all_nine_packages_editable;test_requirements_dev_supplies_tomli_fallback_for_python_3_10;test_root_pyproject_has_no_project_table;test_validate_release_candidate_has_a_python_3_10_toml_fallback,0,0,,,,,none,retain-tooling,high,Test module remains repository tooling for package extraction validation.,
tests/video_final_test_support.py,tests.video_final_test_support,284,tooling,,,test coverage and fixtures,SyntheticFinalExecutor;approved_protocol;authorization;digest;evidence_bundle;final_rows;request;synthetic_historical_authority,0,0,,,,,none,retain-tooling,high,Test module remains repository tooling for package extraction validation.,
